4,GE101,HISTORY COUSRE,HIST,901L,HISTORY COURSE
9,103,3D DESIGN,ART,201N,3D DESIGN
9,210,ART STUDIO ELEC,ART,800N,ART STUDIO ELEC
38,255,PSYCHOLOGY COURSE,PSYC,901L,PSYCHOLOGY COURSE
41,180,COLL WRITING II,ENG,117L,COLL WRITING II
ACC,1,ACCOUNTING ELECT,ACCT,800N,ACCOUNTING ELECTIVE
ACC,4,NON-TRANSFERABLE COURSE,REG,800L,NON-TRANSFERABLE COURSE
ACC,100,NON-TRANSFERABLE COURSE,REG,800L,NON-TRANSFERABLE COURSE
ACC,101,PRINC ACCOUNTING I,ACCT,801N,ACCOUNTING ELECTIVE
ACC,101,ACCOUNTING I,ACCT,801N,ACCOUNTING ELECTIVE
ACC,102,PRINC ACCOUNTING II,ACCT,802N,ACCOUNTING ELECT
ACC,102,ACCOUNTING II,ACCT,802N,ACCOUNTING ELECT
ACC,104,FINANCIAL ACCTNG,ACCT,203N,FINANCIAL ACCTNG
ACC,105,ACCOUNTING ELECTIVE,ACCT,800N,ACCOUNTING ELECTIVE
ACC,106,NON-TRANSFERABLE COURSE,REG,800L,NON-TRANSFERABLE COURSE
ACC,110,NON-TRANSFERABLE COURSE,REG,800L,NON-TRANSFERABLE COURSE
ACC,113,NON-TRANSFERABLE COURSE,REG,800L,NON-TRANSFERABLE COURSE
ACC,194,FINANCIAL ACCTNG,ACCT,203N,FINANCIAL ACCTNG
ACC,201,MANAGERIAL ACCTNG,ACCT,204N,MANAGERIAL ACCTNG
ACC,204,MANAGERIAL ACCTNG,ACCT,204N,MANAGERIAL ACCTNG
ACC,205,COMPUTER ACCT APPL,ACCT,802N,ACCOUNTING ELECT
ACC,205,COMPUTER ACCT APPL,ACCT,802N,ACCOUNTING ELECT
ACC,211,ACCOUNTING ELECTIVE,ACCT,801N,ACCOUNTING ELECTIVE
ACC,213,ACCOUNTING SYSTEMS,ACCT,801N,ACCOUNTING ELECTIVE
ACC,213,ACCOUNTING SYSTEMS,ACCT,350N,ACCTING SYSTEMS
ACC,213,ACCOUNTING SYSTEMS,ACCT,802N,ACCOUNTING ELECT
ACC,213,ACCOUNTING SYSTEMS,ACCT,801N,ACCOUNTING ELECTIVE
ACC,213,ACCOUNTING SYSTEMS,ACCT,802N,ACCOUNTING ELECT
ACC,213,ACCOUNTING SYSTEMS,ACCT,350N,ACCTING SYSTEMS
ACC,220,ACCT COURSE,ACCT,901N,ACCT COURSE
ACC,221,INTERM ACCTING I,ACCT,301N,INTERM ACCTING I
ACC,221,INTERM ACCTING I,ACCT,301N,INTERM ACCTING I
ACC,221,INTERM ACCTING I,ACCT,301N,INTERM ACCTING I
ACC,221,INTERM ACCTING I,ACCT,301N,INTERM ACCTING I
ACC,221L,INTERM ACCTG I,ACCT,301N,INTERM ACCTING I
ACC,241,NON-TRANSFERABLE COURSE,REG,800L,NON-TRANSFERABLE COURSE
ACC,260,NON-TRANSFERABLE COURSE,REG,800L,NON-TRANSFERABLE COURSE
ACC,271,NON-TRANSFERABLE COURSE,REG,800L,NON-TRANSFERABLE COURSE
ACC,272,NON-TRANSFERABLE COURSE,REG,800L,NON-TRANSFERABLE COURSE
ACC,273,NON-TRANSFERABLE COURSE,REG,800L,NON-TRANSFERABLE COURSE
AHS,101,GENERAL ELECTIVE,ELEC,801L,GENERAL ELECTIVE
ANT,102,ANTHROPOLOGY II,ANTH,102L,ANTHROPOLOGY II
ARC,100,NON-TRANSFERABLE COURSE,REG,800L,NON-TRANSFERABLE COURSE
ARC,101,NON-TRANSFERABLE COURSE,REG,800L,NON-TRANSFERABLE COURSE
ARC,103,NON-TRANSFERABLE COURSE,REG,800L,NON-TRANSFERABLE COURSE
ARC,104,NON-TRANSFERABLE COURSE,REG,800L,NON-TRANSFERABLE COURSE
ARC,105,NON-TRANSFERABLE COURSE,REG,800L,NON-TRANSFERABLE COURSE
ARC,106,NON-TRANSFERABLE COURSE,REG,800L,NON-TRANSFERABLE COURSE
ARC,107,NON-TRANSFERABLE COURSE,REG,800L,NON-TRANSFERABLE COURSE
ARC,108,NON-TRANSFERABLE COURSE,REG,800L,NON-TRANSFERABLE COURSE
ARC,109,NON-TRANSFERABLE COURSE,REG,800L,NON-TRANSFERABLE COURSE
ARC,110,NON-TRANSFERABLE COURSE,REG,800L,NON-TRANSFERABLE COURSE
ARC,113,NON-TRANSFERABLE COURSE,REG,800L,NON-TRANSFERABLE COURSE
ARC,122,NON-TRANSFERABLE COURSE,REG,800L,NON-TRANSFERABLE COURSE
ARC,123,NON-TRANSFERABLE COURSE,REG,800L,NON-TRANSFERABLE COURSE
ARC,203,NON-TRANSFERABLE COURSE,REG,800L,NON-TRANSFERABLE COURSE
ARC,205,NON-TRANSFERABLE COURSE,REG,800L,NON-TRANSFERABLE COURSE
ARC,206,NON-TRANSFERABLE COURSE,REG,800L,NON-TRANSFERABLE COURSE
ARC,207,NON-TRANSFERABLE COURSE,REG,800L,NON-TRANSFERABLE COURSE
ARC,208,NON-TRANSFERABLE COURSE,REG,800L,NON-TRANSFERABLE COURSE
ARC,210,NON-TRANSFERABLE COURSE,REG,800L,NON-TRANSFERABLE COURSE
ARC,211,NON-TRANSFERABLE COURSE,REG,800L,NON-TRANSFERABLE COURSE
ARC,214,NON-TRANSFERABLE COURSE,REG,800L,NON-TRANSFERABLE COURSE
ARC,216,NON-TRANSFERABLE COURSE,REG,800L,NON-TRANSFERABLE COURSE
ARC,271,NON-TRANSFERABLE COURSE,REG,800L,NON-TRANSFERABLE COURSE
ARC,272,NON-TRANSFERABLE COURSE,REG,800L,NON-TRANSFERABLE COURSE
ARC,273,NON-TRANSFERABLE COURSE,REG,800L,NON-TRANSFERABLE COURSE
ART,100,ART STUDIO ELECT,ART,803N,ART STUDIO ELECT
ART,101,HIST WEST ART I,ART,160L,HIST WEST ART I
ART,102,ART 20TH CENT,ART,366L,ART 20TH CENT
ART,103,ART 100 LEV GEN,ART,901L,ART 100 LEV GEN
ART,104,FUND OF ART,ART,111N,BASIC PAINTING
ART,104,FUND OF ART,ART,125L,ARTS - VALUES
ART,104,BASIC PAINTING,ART,111N,BASIC PAINTING
ART,104,BASIC PAINTING,ART,125L,ARTS - VALUES
ART,105,BASIC PHOTO,ART,145N,BASIC PHOTO
ART,106,ART STUDIO ELECT,ART,801N,ART STUDIO ELECT
ART,107,BASIC SCULPTURE,ART,105N,BASIC SCULPTURE
ART,110,FUND ART-DESIGN,ART,101N,FUND ART-DESIGN
ART,111,FUND ART DES II,ART,201N,FUND ART DES II
ART,112,BASIC DRAWING,ART,110N,BASIC DRAWING
ART,113,INTERM DRAWING,ART,203N,INTERM DRAWING
ART,120,BASIC PAINTING,ART,111N,BASIC PAINTING
ART,121,INTERM PAINTING,ART,202N,INTERM PAINTING
ART,122,ART COURSE,ART,900N,ART COURSE
ART,123,ADV DRAWING I,ART,310N,ADV DRAWING I
ART,130,BASIC PRINTMAKING,ART,207N,BASIC PRINTMAKING
ART,140,GRAPHIC DESIGN I,ART,215N,GRAPHIC DESIGN I
ART,141,ART STUDIO ELECT,ART,801N,ART STUDIO ELECT
ART,142,ART 100 LEV STUDIO,ART,903N,ART 100 LEV STUDIO
ART,143,ART COURSE,ART,900N,ART COURSE
ART,145,DIGTL LAYOUT+DESIGN,ART,324L,DIGTL LAYOUT+DESIGN
ART,147,Graphic Design III/Design Ill,ART,901L,ART COURSE
ART,150,BASIC PHOTO,ART,145N,BASIC PHOTO
ART,151,INTERM PHOTOGRAPH,ART,240N,INTERM PHOTOGRAPH
ART,153,ART COURSE,ART,900N,ART COURSE
ART,154,ART ELECTIVE,ART,800N,ART ELECTIVE
ART,157,ARTS 100 LEV STUDIO,ART,901N,ARTS 100 LEV STUDIO
ART,161,ARTS 100 LEV STUDIO,ART,901N,ARTS 100 LEV STUDIO
ART,161,ARTS 100 LEV STUDIO,ART,901N,ARTS 100 LEV STUDIO
ART,161,ARTS 100 LEV STUDIO,ART,901N,ARTS 100 LEV STUDIO
ART,162,ART ELECTIVE,ART,800N,ART ELECTIVE
ART,163,ARTS 100 LEV STUDIO,ART,901N,ARTS 100 LEV STUDIO
ART,170,ART STUDIO ELECT,ART,801N,ART STUDIO ELECT
ART,171,ART STUDIO ELECT,ART,802N,ARTS STUDIO ELECT
ART,172,ART ELECTIVE,ART,800N,ART STUDIO ELEC
ART,180,ART COURSE,ART,900N,ART COURSE
ART,190,ARTS 100 LEV STUDIO,ART,901N,ARTS 100 LEV STUDIO
ART,191,ART 100 LEV STUDIO,ART,901N,ARTS 100 LEV STUDIO
ART,204,INTERM PAINTING,ART,202N,INTERM PAINTING
ART,209,ART STUDIO ELECT,ART,801N,ART STUDIO ELECT
ART,217,ART COURSE,ART,900L,ART COURSE
ART,222,WATERCOLOR,ART,802N,ARTS STUDIO ELECT
ART,224,ARTS 100 LEV STUDIO,ART,901N,ARTS 100 LEV STUDIO
ART,226,BASIC PRINTMAKING,ART,207N,BASIC PRINTMAKING
ART,230,BASIC PRINTMAKING,ART,207N,BASIC PRINTMAKING
ART,240,ART COURSE,ART,900N,ART COURSE
ART,241,ARTS STUDIO ELECT,ART,802N,ARTS STUDIO ELECT
ART,250,ARTS 100 LEV STUDIO,ART,901N,ARTS 100 LEV STUDIO
ART,251,ART COURSE,ART,900N,ART COURSE
ART,252,ART COURSE,ART,900N,ART COURSE
ART,253,ART COURSE,ART,900N,ART COURSE
ART,254,PHOTOJOURNALISM,ART,345L,PHOTOJOURNALISM
ART,256,ARTS 100 LEV STUDIO,ART,902N,ART 100 LEV STUD
ART,270,ART STUDIO ELECT,ART,801N,ART STUDIO ELECT
ART,273,ART STUDIO ELECT,ART,801N,ART STUDIO ELECT
ART,274,CERAMICS,ART,801N,ART STUDIO ELECT
ART,275,Ceramics,ART,802N,ARTS STUDIO ELECT
ART,275,ART STUDIO ELECT,ART,802N,ARTS STUDIO ELECT
ART,291,ART 100 LEV STUD,ART,902N,ART 100 LEV STUD
ART,800, F,ART,800N,ART STUDIO ELEC
ART,801,F,ART,801N,ART STUDIO ELECT
ART,901,F,ART,901L,ART COURSE
ASL,101,FOR LANG COURSE,LANG,901L,FOR LANG COURSE
ASL,102,FOR LANG COURSE,LANG,902L,FOR LANG COURSE
AST,131,INTRO COSMOLOGY,PHYS,108L,INTRO COSMOLOGY
AST,131,INTRO COSMOLOGY,PHYS,108L,INTRO COSMOLOGY
AST,131,INTRO COSMOLOGY,PHYS,108L,INTRO COSMOLOGY
AST,131,INTRO COSMOLOGY,PHYS,108L,INTRO COSMOLOGY
AST,132,PHYSICS COURSE,PHYS,901L,PHYSICS COURSE
BH,103,SOCIAL PROBLEMS,SOC,202L,SOCIAL PROBLEMS
BH,205,MARRIAGE & FAMILY,REST,335L,MARRIAGE & FAMILY
BH,207,FOUNDATIONS OF EDUCATION,EDUC,101L,FOUNDATIONS OF EDUCATION
BHS,100,GENERAL ELECTIVE,ELEC,802L,GENERAL ELECTIVE
BHS,101,INTRO SOCIOLOGY,SOC,101L,INTRO SOCIOLOGY
BHS,102,SOCIAL PROBLEMS,SOC,202L,SOCIAL PROBLEMS
BHS,103,SOCIAL PROBLEMS,SOC,102L,SOCIAL PROBLEMS
BHS,103,SOCIAL PROBLEMS,SOC,202L,SOCIAL PROBLEMS
BHS,103,SOCIAL PROBLEMS,SOC,102L,SOCIAL PROBLEMS
BHS,103,SOCIAL PROBLEMS,SOC,202L,SOCIAL PROBLEMS
BHS,103L,SOCIAL PROBLEMS,SOC,202L,SOCIAL PROBLEMS
BHS,104,SOCIAL INEQUALITY,SOC,336L,SOCIAL INEQUALITY
BHS,110,INTRO TO SOC WORK,SOCW,230L,INTRO TO SOC WORK
BHS,142,CRIMINOLOGY,CRJU,202L,CRIMINOLOGY
BHS,142,CRIMINOLOGY,CRJU,202L,CRIMINOLOGY
BHS,142,Criminology,CRJU,202L,CRIMINOLOGY
BHS,142,Criminology,CRJU,202L,CRIMINOLOGY
BHS,201,SOCIOLOGY ELECTIVE,SOC,800L,SOCIOLOGY ELECTIVE
BHS,202,PHYSICAL ANTHROPOLOGY,ANTH,101L,PHYSICAL ANTHROPOLOGY
BHS,203,INTRO SOCIOLOGY,SOC,101L,INTRO SOCIOLOGY
BHS,204,ANTHROP COURSE,ANTH,901L,ANTHROP COURSE
BHS,205,MARRIAGE & FAMILY,REST,335L,MARRIAGE & FAMILY
BHS,206,CULTURAL ANTHROPOLOGY,ANTH,102L,CULTURAL ANTHROPOLOGY
BHS,207,PHIL OF EDUCATION,EDUC,101L,FOUNDATIONS OF EDUCATION
BHS,208,SOCIOLOGY COURSE,SOC,901L,SOCIOLOGY COURSE
BHS,209,SOCIOLOGY MINORIT,SOC,336L,SOCIOLOGY MINORIT
BHS,210,RELIGIOUS STUDIES COURSE,REST,901L,RELIGIOUS STUDIES COURSE
BHS,212,SOCIOLOGY COURSE,SOC,901L,SOCIOLOGY COURSE
BHS,214,ARCHAEOLOGY,ANTH,120L,ARCHAEOLOGY
BHS,215,ANTHROP COURSE,ANTH,902L,ANTHROP COURSE
BHS,216,SOCIOLOGY COURSE,SOC,901L,SOCIOLOGY COURSE
BHS,220,SOCW ELECTIVE,SOCW,800L,SOCW ELECTIVE
BHS,221,SOCW ELECTIVE,SOCW,800L,SOCW ELECTIVE
BHS,222,SOCW ELECTIVE,SOCW,800L,SOCW ELECTIVE
BHS,230,INTRO SOCIOLOGY,SOC,101L,INTRO SOCIOLOGY
BHS,233,CRIM JUST THRU FILM MEDIA,CRJU,805L,CRIM JUST ELECT
BHS,242,DRUG/ALCOHOL ABUS,CRJU,242L,DRUG/ALCOHOL ABUS
BHS,245,PHILOSPHY COURSE,PHIL,901L,PHILOSPHY COURSE
BHS,251,GENERAL ELECTIVE,ELEC,801L,GENERAL ELECTIVE
BHS,262,JUVENILE DELINQ,CRJU,223L,JUVENILE DELINQ
BHS,273,SOCIOLOGY ELECTIVE,SOC,801L,SOCIOLOGY ELECTIVE
BHS,803,SOCIOLOGY ELECTIVE,SOC,801L,SOCIOLOGY ELECTIVE
BHS,805,SOCIOLOGY COURSE,SOC,901L,SOCIOLOGY COURSE
BHS,806,SOCIOLOGY ELECTIVE,SOC,801L,SOCIOLOGY ELECTIVE
BHS,912,SOCIAL WORK COURSE,SOCW,901L,SOCIAL WORK COURSE
BHS,913,SOCIOLOGY COURSE,SOC,901L,SOCIOLOGY COURSE
BHS,917,ARCHAEOLOGY,ANTH,120L,ARCHAEOLOGY
BHS,922,HISTORY COURSE,HIST,902L,HISTORY COURSE
BHS,923,HISTORY COURSE,HIST,901L,HISTORY COURSE
BHS,924,ANTHROP COURSE,ANTH,902L,ANTHROP COURSE
BHS,925,ANTHROP COURSE,ANTH,903L,ANTHROP COURSE
BI,103,BIOLOGY COURSE,BIOL,900L,BIOLOGY COURSE
BI,105,BIOLOGY COURSE,BIOL,901L,BIOLOGY COURSE
BI,203,BIOLOGY ELECTIVE,BIOL,801L,BIOLOGY ELECTIVE
BIO,30,NON-TRANSFERABLE COURSE,REG,800L,NON-TRANSFERABLE COURSE
BIO,101,GENERAL BIOLOGY I,BIOL,130L,GEN BIOLOGY I
BIO,1019,GEN BIO I,BIOL,110L,GENERAL BIOLOGY I
BIO,1019L,GEN BIO LAB I,BIOL,112L,GEN BIOLOGY LAB I
BIO,101L,GEN BIOLOGY LAB I,BIOL,112L,GEN BIOLOGY LAB I
BIO,101LAB,GEN BIOLOGY LAB I,BIOL,112L,GEN BIOLOGY LAB I
BIO,102,GEN BIOLOGY II,BIOL,131L,GEN BIOLOGY II
BIO,102L,GEN BIOL LAB II,BIOL,113L,GEN BIOL LAB II
BIO,102LAB,GEN BIOL LAB II,BIOL,113L,GEN BIOL LAB II
BIO,103,HUMAN BIOLOGY,BIOL,237L,HUMAN BIOLOGY
BIO,103,HUMAN BIOLOGY,BIOL,237L,HUMAN BIOLOGY
BIO,103,HUMAN BIOLOGY,BIOL,237L,HUMAN BIOLOGY
BIO,103,HUMAN BIOLOGY,BIOL,237L,HUMAN BIOLOGY
BIO,103L,BIOLOGY COURSE,BIOL,901L,BIOLOGY COURSE
BIO,104,BIOLOGY COURSE,BIOL,901L,BIOLOGY COURSE
BIO,105,GEN BIOLOGY I,BIOL,130L,GEN BIOLOGY I
BIO,106,GEN BIOLOGY II,BIOL,131L,GEN BIOLOGY II
BIO,107,Ecology,BIOL,330L,ECOLOGY
BIO,107,Ecology,BIOL,237L,HUMAN BIOLOGY
BIO,107,Ecology,ENSC,360L,ECOLOGY:PRIN&PRACT
BIO,107,ECOLOGY,BIOL,330L,ECOLOGY
BIO,107,ECOLOGY,ENSC,360L,ECOLOGY:PRIN&PRACT
BIO,107,ECOLOGY,BIOL,237L,HUMAN BIOLOGY
BIO,107,INTRO HUMAN BIOL,BIOL,330L,ECOLOGY
BIO,107,INTRO HUMAN BIOL,ENSC,360L,ECOLOGY:PRIN&PRACT
BIO,107,INTRO HUMAN BIOL,BIOL,237L,HUMAN BIOLOGY
BIO,108,BIOL COURSE,BIOL,902L,BIOL COURSE
BIO,109,HUMAN ANTMY & PHYS I,BIOL,201L,HUMAN ANTMY & PHYS I
BIO,110,HUMAN ANTMY & PHYS II,BIOL,202L,HUMAN ANTMY & PHYS II
BIO,111,BIOLOGY ELECTIVE,BIOL,800L,BIOLOGY ELECTIVE
BIO,112,BIOLOGY COURSE,BIOL,901L,BIOLOGY COURSE
BIO,115,BIOLOGY COURSE,BIOL,901L,BIOLOGY COURSE
BIO,122,HUMAN NUTRITION,HLTH,201L,HUMAN NUTRITION
BIO,130,BIOLOGY COURSE,BIOL,901L,BIOLOGY COURSE
BIO,131,HUM ANTMY&PHYS I,BIOL,201L,HUM ANTMY&PHYS I
BIO,132,HUM ANTMY&PHYSII,BIOL,202L,HUM ANTMY&PHYSII
BIO,144,BIOLOGY COURSE,BIOL,901L,BIOLOGY COURSE
BIO,203,INVERT ZOOLOGY,BIOL,420L,INVERT ZOOLOGY
BIO,204,BOTANY,BIOL,211L,BOTANY
BIO,205,GENETICS,BIOL,320L,GENETICS
BIO,207,MICROBIOLOGY,BIOL,312L,MICROBIOLOGY
BIO,209,HUM ANTMY&PHYS I,BIOL,201L,HUM ANTMY&PHYS I
BIO,209,MAMMALIAN ANAT,BIOL,201L,HUM ANTMY&PHYS I
BIO,210,HUM ANTMY&PHYS II,BIOL,202L,HUM ANTMY&PHYS II
BIO,210,HUM ANTMY&PHYS II,BIOL,202L,HUM ANTMY&PHYSII
BIO,210,MAMMALIAN PHYSIOL,BIOL,202L,HUM ANTMY&PHYS II
BIO,210,MAMMALIAN PHYSIOL,BIOL,202L,HUM ANTMY&PHYSII
BIO,211,BIOLOGY COURSE,BIOL,900L,BIOLOGY COURSE
BIO,212,MICROBIOLOGY,BIOL,312L,MICROBIOLOGY
BIO,213,BIOLOGY COURSE,BIOL,901L,BIOLOGY COURSE
BIO,221,INTRO ENVIRON ISS,ENSC,101L,INTRO ENVIRON ISS
BIO,225,BIOLOGY COURSE,BIOL,902L,BIOL COURSE
BIO,226,BIOL COURSE,BIOL,902L,BIOL COURSE
BIO,910,BIOLOGY ELECTIVE,BIOL,801L,BIOLOGY ELECTIVE
BIO,915,CELLULAR BIOLOGY,BIOL,210L,CELLULAR BIOLOGY
BIO,916,SCIENCE COURSE,SCI,903L,SCIENCE COURSE
BIO,917,BIOLOGY ELECTIVE,BIOL,801L,BIOLOGY ELECTIVE
BIO,920,ENVIRN MICROBIO,ENSC,313L,ENVIRN MICROBIO
BIOL,101L,GEN BIOLOGY LAB I,BIOL,112L,GEN BIOLOGY LAB I
BIOL,102,GEN BIOLOGY II,BIOL,111L,GEN BIOLOGY II
BIOL,102L,GEN BIOL LAB II,BIOL,113L,GEN BIOL LAB II
BIOL,104,BIOLOGY COURSE,BIOL,901L,BIOLOGY COURSE
BIOL,144,BIOLOGY COURSE,BIOL,901L,BIOLOGY COURSE
BOM,101,COMM PRINCIPLES,COM,100L,COMM PRINCIPLES
BRJ,206,CRIM & SCI INVEST,CRJU,206N,CRIM & SCI INVEST
BS,103,SOCIAL PROBLEMS,SOC,202L,SOCIAL PROBLEMS
BUS,100,NON-TRANSFERABLE COURSE,REG,800L,NON-TRANSFERABLE COURSE
BUS,100N,INTRO BUS & MGT,BUS,100N,INTRO BUS & MGT
BUS,100N,INTRO BUS & MGT,BUS,100N,INTRO BUS & MGT
BUS,101,NON-TRANSFERABLE COURSE,REG,800L,NON-TRANSFERABLE COURSE
BUS,102,BUSINESS ELECTIVE,BUS,801N,BUSINESS ELECTIVE
BUS,103,NON-TRANSFERABLE COURSE,REG,800L,NON-TRANSFERABLE COURSE
BUS,104,INTRO BUS & MGT,BUS,100N,INTRO BUS & MGT
BUS,105,PRINC ADVERTISING,COM,110L,PRIN ADVERTISING
BUS,106,BUSINESS ELECTIVE,BUS,801N,BUSINESS ELECTIVE
BUS,107,MARKET MANAGEMENT,BUS,340N,MARKET MANAGEMENT
BUS,107L,BUSINESS ELECTIVE,BUS,800N,BUSINESS ELECTIVE
BUS,109,EXCEL,CSIS,152L,EXCEL
BUS,110,ACCESS,CSIS,154L,ACCESS
BUS,111,COMPUTER STUDIES ELEC,CSIS,801L,COMPUTER STUDIES ELEC
BUS,112,WORDPROCESSING,CSIS,151L,WORDPROCESSING
BUS,115,THEORY OF MUSIC I,MUS,120L,THEORY OF MUSIC I
BUS,120,BUSINESS ELECTIVE,BUS,802N,BUSINESS ELECTIVE
BUS,122,MANAGERIAL ACCTNG,ACCT,204N,MANAGERIAL ACCTNG
BUS,125,BUSINESS LAW I,BUS,380N,BUSINESS LAW I
BUS,131,REAL PROP & TITLE,PRLG,313N,REAL PROP & TITLE
BUS,141,NON-TRANSFERABLE COURSE,REG,800L,NON-TRANSFERABLE COURSE
BUS,162,INTRO FASH INDUST,FASH,100N,INTRO FASH INDUST
BUS,207,BUSINESS COURSE,BUS,901N,BUS COURSE
BUS,208,SMALL BUS MANAGMNT,FASH,361N,SMALL BUS MANAGMNT
BUS,210,BUSINESS ELECTIVE,BUS,801L,BUSINESS ELECTIVE
BUS,215,BUSINESS LAW I,BUS,382N,LGL FOUND OF BUS
BUS,215,BUSINESS LAW I,BUS,380N,BUSINESS LAW I
BUS,215,BUSINESS LAW I,BUS,380N,BUSINESS LAW I
BUS,215,BUSINESS LAW I,BUS,382N,LGL FOUND OF BUS
BUS,216,BUSINESS LAW II,BUS,381N,BUSINESS LAW II
BUS,216,BUSINESS LAW II,BUS,381N,BUSINESS LAW II
BUS,233,BUSINESS LAW I,BUS,380N,BUSINESS LAW I
BUS,241,BUSINESS LAW I,BUS,380N,BUSINESS LAW I
BUS,243,NON-TRANSFERABLE COURSE,REG,800L,NON-TRANSFERABLE COURSE
BUS,244,HR MANAGEMENT,BUS,301N,HR MANAGEMNT
BUS,245,BUSINESS ELECTIVE,BUS,803N,BUSINESS ELECTIVE
BUS,246,BUSINESS ELECTIVE,BUS,803N,BUSINESS ELECTIVE
BUS,254,BUS COURSE,BUS,901N,BUS COURSE
BUS,255,NON-TRANSFERABLE COURSE,REG,800L,NON-TRANSFERABLE COURSE
BUS,273,BUSINESS ELECTIVE,BUS,802N,BUSINESS ELECTIVE
BUS,382N,LGL FOUND OF BUS,BUS,382N,LGL FOUND OF BUS
BUS,800N,BUSINESS ELECTIVE,BUS,800N,BUSINESS ELECTIVE
BUS,801,BUSINESS ELECTIVE,BUS,801L,BUSINESS ELECTIVE
BUS,801N,BUSINESS ELECTIVE,BUS,801N,BUSINESS ELECTIVE
BUS,906,BUSINESS ELECTIVE,BUS,801N,BUSINESS ELECTIVE
BUS,907,BUSINESS ELECTIVE,BUS,802N,BUSINESS ELECTIVE
BUS,909,NON-TRANSFERABLE COURSE,REG,800L,NON-TRANSFERABLE COURSE
BUS,910,Personal Finance,BUS,801N,BUSINESS ELECTIVE
BYS,207,PHIL OF EDUCATION,PHIL,233L,PHIL OF EDUCATION
CAD,102,NON-TRANSFERABLE COURSE,REG,800L,NON-TRANSFERABLE COURSE
CAD,103,NON-TRANSFERABLE COURSE,REG,800L,NON-TRANSFERABLE COURSE
CAD,104,NON-TRANSFERABLE COURSE,REG,800L,NON-TRANSFERABLE COURSE
CAD,206,NON-TRANSFERABLE COURSE,REG,800L,NON-TRANSFERABLE COURSE
CAD,271,NON-TRANSFERABLE COURSE,REG,800L,NON-TRANSFERABLE COURSE
CAD,272,NON-TRANSFERABLE COURSE,REG,800L,NON-TRANSFERABLE COURSE
CAD,273,NON-TRANSFERABLE COURSE,REG,800L,NON-TRANSFERABLE COURSE
CDC,103,NON-TRANSFERABLE COURSE,REG,800L,NON-TRANSFERABLE COURSE
CDC,104,NON-TRANSFERABLE COURSE,REG,800L,NON-TRANSFERABLE COURSE
CDC,203,NON-TRANSFERABLE COURSE,REG,800L,NON-TRANSFERABLE COURSE
CDC,204,NON-TRANSFERABLE COURSE,REG,800L,NON-TRANSFERABLE COURSE
CHC,101,NON-TRANSFERABLE COURSE,REG,800L,NON-TRANSFERABLE COURSE
CHC,102,NON-TRANSFERABLE COURSE,REG,800L,NON-TRANSFERABLE COURSE
CHC,103,NON-TRANSFERABLE COURSE,REG,800L,NON-TRANSFERABLE COURSE
CHC,104,NON-TRANSFERABLE COURSE,REG,800L,NON-TRANSFERABLE COURSE
CHC,201,NON-TRANSFERABLE COURSE,REG,800L,NON-TRANSFERABLE COURSE
CHC,202,NON-TRANSFERABLE COURSE,REG,800L,NON-TRANSFERABLE COURSE
CHC,203,NON-TRANSFERABLE COURSE,REG,800L,NON-TRANSFERABLE COURSE
CHC,204,NON-TRANSFERABLE COURSE,REG,800L,NON-TRANSFERABLE COURSE
CHC,206,NON-TRANSFERABLE COURSE,REG,800L,NON-TRANSFERABLE COURSE
CHC,901,NON-TRANSFERABLE COURSE,REG,800L,NON-TRANSFERABLE COURSE
CHE,101,INTRO CHEMISTRY,CHEM,101L,INTRO CHEMISTRY
CHE,107,CHEMISTRY COURSE,CHEM,901L,CHEMISTRY COURSE
CHE,111,INTRO CHEMISTRY,CHEM,101L,INTRO CHEMISTRY
CHE,111L,CHEMISTRY ELECT,CHEM,801L,CHEMISTRY ELECT
CHE,112,CHEMISTRY COURSE,CHEM,900L,CHEMISTRY COURSE
CHE,116,INTR ORGAN CHEM,CHEM,201L,INTR ORGAN CHEM
CHE,119,CHEMISTRY ELECT,CHEM,801L,CHEMISTRY ELECT
CHE,121,GEN CHEMISTRY I,CHEM,131L,GEN CHEM+LAB I
CHE,121L,GEN CHEM LAB I,CHEM,113L,GEN CHEM LAB I
CHE,121LAB,GEN CHEM LAB I,CHEM,113L,GEN CHEM LAB I
CHE,122,GENERAL CHEM. II,CHEM,132L,GEN CHEM II+LAB
CHE,122L,GEN CHEM LAB II,CHEM,114L,GEN CHEM LAB II
CHE,122LAB,GEN CHEM LAB II,CHEM,114L,GEN CHEM LAB II
CHE,231,ORGANIC CHEM I+LAB,CHEM,211L,ORGANIC CHEM I
CHE,231,ORGANIC CHEM I+LAB,CHEM,215L,Organic Chem I Lab
CHE,231LAB,ORG CHEM LAB,CHEM,213L,ORG CHEM LAB
CHE,232,ORG CHEMISTRY II,CHEM,212L,ORG CHEMISTRY II
CHE,232,ORG CHEMISTRY II,CHEM,216L,ORG CHEMISTRY LAB II
CHE,232L,ORG CHEM LAB,CHEM,216L,ORG CHEM LAB II
CHE,273,GENERAL CHEM. II,CHEM,112L,GENERAL CHEM. II
CHE,904,CHEMISTRY COURSE,CHEM,901L,CHEMISTRY COURSE
CHE,904L,CHEMISTRY ELECTIVE,CHEM,802L,CHEMISTRY ELECTIVE
CHEM,111,INTRO CHEMISTRY,CHEM,101L,INTRO CHEMISTRY
CHEM,116,"SELF,NATURE-HIST",INTD,213L,"SELF,NATURE-HIST"
CHEM,121,GEN CHEMISTRY I,CHEM,131L,GEN CHEM+LAB I
CHEM,122,GENERAL CHEM. II,CHEM,131L,GEN CHEM+LAB I
CHEM,122L,GEN CHEM LAB II,CHEM,114L,GEN CHEM LAB II
CHEM,2261,ORG CHEM I,CHEM,211L,ORGANIC CHEM I
CHEM,2262,ORG CHEM II,CHEM,212L,ORG CHEMISTRY II
CHEM,2263,ORG CHEM LAB,CHEM,213L,ORG CHEM LAB
CHEM,231,ORGANIC CHEM I,CHEM,211L,ORGANIC CHEM I
CHM,101,INTRO TO SOC WORK,SOCW,230L,INTRO TO SOC WORK
CHM,103,SOCIAL WORK ELECTIVE,SOCW,801N,SOCIAL WORK ELECTIVE
CHM,104,SOCIAL WORK ELECTIVE,SOCW,802N,SOCIAL WORK ELECTIVE
CHM,273,SOCIAL WORK ELECTIVE,SOCW,801N,SOCIAL WORK ELECTIVE
CHS,242,DRUG/ALCOHOL ABUSE,CRJU,242L,DRUG/ALCOHOL ABUS
CIM,103,GENERAL ELECTIVE,ELEC,806N,GENERAL ELECTIVE
CIM,202,GENERAL ELECTIVE,ELEC,805N,GENERAL ELECTIVE
CIM,202,GENERAL ELECTIVE,ELEC,804N,GENERAL ELECTIVE
CIM,204,GENERAL ELECTIVE,ELEC,805N,GENERAL ELECTIVE
CIM,204,GENERAL ELECTIVE,ELEC,805N,GENERAL ELECTIVE
CIS,12,NON-TRANSFERABLE COURSE,REG,800L,NON-TRANSFERABLE COURSE
CIS,100,GENERAL ELECTIVE,ELEC,801L,GENERAL ELECTIVE
CIS,105,GENERAL ELECTIVE,ELEC,802L,GENERAL ELECTIVE
CIS,107,IS ELECTIVE,IS,801L,IS ELECTIVE
CIS,107,CONDUCTING BUS ON THE INTERNET,IS,801L,IS ELECTIVE
CIS,108,INFO+COMP LITERACY,CSIS,103L,INFO+COMP LITERACY
CIS,109,CSIS ELECTIVE,CSIS,802L,COMPUTER STUDIES ELEC
CIS,111,COMPUTER SYSTEMS & APPLICATION,IS,130L,COMP STUD CONC
CIS,111,COMPUTER SYSTEMS & APPLICATION,ITS,130L,INFO TECH&SYS CONCEPTS
CIS,111,COMPUTER SYSTEMS & APPLICATION,CMPT,103L,TECNOLOGY FOR 21st CENTURU
CIS,111,TECHNOLOGY FOR 21st CENTURY,IS,130L,COMP STUD CONC
CIS,111,TECHNOLOGY FOR 21st CENTURY,CMPT,103L,TECNOLOGY FOR 21st CENTURU
CIS,111,TECHNOLOGY FOR 21st CENTURY,ITS,130L,INFO TECH&SYS CONCEPTS
CIS,111,INFO TECH&SYS CONCEPTS,IS,130L,COMP STUD CONC
CIS,111,INFO TECH&SYS CONCEPTS,ITS,130L,INFO TECH&SYS CONCEPTS
CIS,111,INFO TECH&SYS CONCEPTS,CMPT,103L,TECNOLOGY FOR 21st CENTURU
CIS,111,COMP STUD CONC,IS,130L,COMP STUD CONC
CIS,111,COMP STUD CONC,ITS,130L,INFO TECH&SYS CONCEPTS
CIS,111,COMP STUD CONC,CMPT,103L,TECNOLOGY FOR 21st CENTURU
CIS,112,COMPUTER PROGRAMMING I,IS,804L,INFO SYSTEMS ELECTIVE
CIS,112,IS ELECTIVE,IS,804L,INFO SYSTEMS ELECTIVE
CIS,112L,COMPUTER STUDIES ELECTIVE,CSIS,802L,COMPUTER STUDIES ELEC
CIS,112L,COMPUTER STUDIES ELEC,CSIS,802L,COMPUTER STUDIES ELEC
CIS,113,VISUAL BASIC PROG,IS,236L,PROB SOLVING-PROG
CIS,114,IS ELECTIVE,IS,801L,IS ELECTIVE
CIS,117,DATA COMMUNICATIONS,ITS,406N,DATA COMMUNICATIONS
CIS,120,COMPUTER BASED PUB,CSIS,801L,COMPUTER STUDIES ELEC
CIS,123,CMSC ELECTIVE,CMSC,801L,COMP SCI ELECTIVE
CIS,124,INFO SYSTEMS ELECTIVE,IS,805L,INFO SYSTEMS ELECTIVE
CIS,125,GENERAL ELECTIVE,ELEC,801L,GENERAL ELECTIVE
CIS,126,UNIX,ITS,312L,UNIX
CIS,126,UNIX/LINEX,IT,312L,UNIX
CIS,126,UNIX/LINEX,ITS,312L,UNIX
CIS,126,UNIX,IT,312L,UNIX
CIS,133,IS ELECTIVE,IS,803L,INFO SYSTEMS ELECTIVE
CIS,150,INFO TECHNOLOGY,IT,805L,INFO TECHNOLOGY
CIS,211,INFO SYSTEMS ELECTIVE,IS,804L,INFO SYSTEMS ELECTIVE
CIS,212,SYSTEMS ANALYSIS & DESIGN,CMPT,430L,TECHNOLOGY+ENTREPRENEURSHIP
CIS,212,SYSTEMS ANALYSIS & DESIGN,ITS,430L,SYSTMS ANLYS+DESGN
CIS,212,SYS ANALYSIS METH,CMPT,430L,TECHNOLOGY+ENTREPRENEURSHIP
CIS,212,SYS ANALYSIS METH,ITS,430L,SYSTMS ANLYS+DESGN
CIS,213,INFO+COMP LITERACY,CSIS,103L,INFO+COMP LITERACY
CIS,2130L,COMP STUD CONC,IS,130L,COMP STUD CONC
CIS,214,OBJ-ORNT PRG C++,CMSC,310L,OBJ-ORNT PRG C++
CIS,214L,OBJ ORNT PRG C++,CMSC,310L,OBJ-ORNT PRG C++
CIS,215,Internet Prog Java,CMSC,120L,COMPUTER SCI I
CIS,215,COMP SCI I,CMPT,220L,SOFTWARE DEVELOPMENT I
CIS,215,COMP SCI I,CMSC,120L,COMPUTER SCI I
CIS,215,Internet Prog Java,CMPT,220L,SOFTWARE DEVELOPMENT I
CIS,216,IT ELECTIVE,IT,801L,INFO TECHNOLOGY ELECTIVE
CIS,216,Unix/Linux,IT,801L,INFO TECHNOLOGY ELECTIVE
CIS,217,IT ELECTIVE,IT,801L,INFO TECHNOLOGY ELECTIVE
CIS,218,IT  ELECTIVE,IT,802L,INFO TECHNOLOGY ELECTIVE
CIS,223,COMP SCI ELECTIVE,CMSC,803L,COMP SCI ELECTIVE
CIS,226,IT ELECTIVE,IT,801L,INFO TECHNOLOGY ELECTIVE
CIS,227,ARCH HARDWARE+SFTWR,ITS,321L,ARCH HARDWARE+SFTWR
CIS,228,IT ELECTIVE,IT,802L,INFO TECHNOLOGY ELECTIVE
CIS,235,IT ELECTIVE,IT,802L,INFO TECHNOLOGY ELECTIVE
CIS,260,NON-TRANSFERABLE COURSE,REG,800L,NON-TRANSFERABLE COURSE
CIS,261,NON-TRANSFERABLE COURSE,REG,800L,NON-TRANSFERABLE COURSE
CIS,271,NON-TRANSFERABLE COURSE,REG,800L,NON-TRANSFERABLE COURSE
CIS,272,NON-TRANSFERABLE COURSE,REG,800L,NON-TRANSFERABLE COURSE
CIS,273,NON-TRANSFERABLE COURSE,REG,800L,NON-TRANSFERABLE COURSE
CIS,801,CIS ELECTIVE,CIS,801L,CIS ELECTIVE
CIS,901,COMP SCI ELECTIVE,CMSC,801L,COMP SCI ELECTIVE
CIS,901L,CIS COURSE,CIS,901L,CIS COURSE
CIS,909,IS ELECTIVE,IS,801L,IS ELECTIVE
CIS,911,IS ELECTIVE,IS,801L,IS ELECTIVE
CLP,101,EMPLOYMENT PRACT,CRDV,100N,EMPLOYMENT PRACT
CLP,101,EMPLOYMENT PRACT,CRDV,100N,EMPLOYMENT PRACT
CLP,101,EMPLOYMENT PRACT,CRDV,100N,EMPLOYMENT PRACT
CLP,101,EMPLOYMENT PRACT,CRDV,100N,EMPLOYMENT PRACT
CLS,213,COMP STUD CONC,IS,130L,COMP STUD CONC
CMH,101,INTRO TO SOC WORK,SOCW,230L,INTRO TO SOC WORK
CMH,102,SOCIAL WORK ELECTIVE,SOCW,801L,SOCIAL WORK ELECTIVE
CMH,103,SOCIAL WORK ELECTIVE,SOCW,801N,SOCIAL WORK ELECTIVE
CMH,104,SOCIAL WORK ELECTIVE,SOCW,803N,SOCIAL WORK ELECTIVE
CMH,104,SOCIAL WORK ELECTIVE,SOCW,802N,SOCIAL WORK ELECTIVE
CMH,201,SOC SERV THEO/PRA,SOCW,330L,SOC SERV THEO/PRA
CMH,203,SOCIAL WORK ELECTIVE,SOCW,801N,SOCIAL WORK ELECTIVE
CMH,204,SOCIAL WORK ELECTIVE,SOCW,801N,SOCIAL WORK ELECTIVE
CMH,273,SOCIAL WORK ELECTIVE,SOCW,801N,SOCIAL WORK ELECTIVE
CMSC,120L,COMPUTER SCI I,CMSC,120L,COMPUTER SCI I
CMSC,121L,COMPUTER SCI II,CMSC,121L,COMPUTER SCI II
CMSC,412L,ROBOTICS,CMSC,412L,ROBOTICS
CMSC,801L,COMPCI ELECTIVE,CMSC,801L,COMP SCI ELECTIVE
CMSC,802L,COMP SCI ELECTIVE,CMSC,802L,COMP SCI ELECTIVE
CO,140,Media and Society,COM,201L,COMMUNIC/SOCIETY
COL,100,STUDY SKILL ELECT,LERN,801L,STUDY SKILL ELECT
COM,100,COMM ELECTIVE,COM,801L,COMM ELECTIVE
COM,101,COMM PRINCIPLES,COM,102L,INTRO TO COMM
COM,101,Intro Comm Media,COM,100L,COMM PRINCIPLES
COM,101,Intro Comm Media,COM,102L,INTRO TO COMM
COM,101,COMM PRINCIPLES,COM,100L,COMM PRINCIPLES
COM,102,COM ELECTIVE,COM,805L,COMM ELECTIVE
COM,103,COMM COURSE,COM,901L,COMM COURSE
COM,104,COMM COURSE,COM,901L,COMM COURSE
COM,110,VIDEO PRODUCTION,COM,287L,TV PRODUCTION
COM,110,VIDEO PRODUCTION,MDIA,203L,VIDEO PRODUCTION
COM,110,TV PRODUCTION,COM,287L,TV PRODUCTION
COM,110,TV PRODUCTION,MDIA,203L,VIDEO PRODUCTION
COM,120,INTRO MEDIA WRITING,COM,289L,WRIT FOR MEDIA
COM,120,WRIT FOR MEDIA,MDIA,201L,WRITING FOR MEDIA
COM,120,INTRO MEDIA WRITING,MDIA,201L,WRITING FOR MEDIA
COM,120,WRIT FOR MEDIA,COM,289L,WRIT FOR MEDIA
COM,140,MEDIA AND SOCIETY,COM,201L,COMMUNIC/SOCIETY
COM,201,COM ELECTIVE,COM,802L,COMM ELECTIVE
COM,201L,COMMUNIC/SOCIETY,COM,201L,COMMUNIC/SOCIETY
COM,202,COM ELECTIVE,COM,803L,COMM ELECTIVE
COM,203,COMM PRINCIPLES,COM,100L,COMM PRINCIPLES
COM,207,ART OF FILM,COM,286L,ART OF FILM
COM,210,COMM COURSE,COM,901L,COMM COURSE
COM,211,COM COURSE,COM,901L,COMM COURSE
COM,220,MEDIA PERFORM TECH,COM,396N,MEDIA PERFORM TECH
COM,221,MEDIA STRARGS FOR PUBL RELATNS,COM,901L,COMM COURSE
COM,231,GENERAL ELECTIVE,ELEC,801N,GENERAL ELECTIVE
COM,232,GENERAL ELECTIVE,ELEC,802N,GENERAL ELECTIVE
COM,233,AUDIO FOR MEDIA,COM,387N,AUDIO FOR MEDIA
COM,234,COMM ELECTIVE,COM,803L,COMM ELECTIVE
COM,235,COMM ELECTIVE,COM,803L,COMM ELECTIVE
COM,240,BROADCASTING,COM,285L,BROADCASTING
COM,243,WORLD FILM,ART,901L,ART COURSE
COM,244,SCREENWRITING,COM,321L,SCREENWRITING
COM,244,SCREENWRITING,MDIA,301L,SCREENWRITING FILM TV
COM,245,SCREENWRITING,COM,321L,SCREENWRITING
COM,246,American Cinema,MDIA,901L,MEDIA STUDIES/PROD COURSE
COM,249,TV PRODUCTION,COM,287L,TV PRODUCTION
COM,250,ADV TV PRODUCTION,COM,393N,ADV TV PRODUCTION
COM,262,ADV TV PRODUCTION,COM,393N,ADV TV PRODUCTION
COM,263,COMM ELECTIVE,COM,802N,COMM ELECTIVE
COM,906,COMM ELECTIVE,COM,802L,COMM ELECTIVE
COM,907,COMM ELECTIVE,COM,801N,COMM ELECTIVE
COM,908,SCREENWRITING,COM,321L,SCREENWRITING
CONS,150,GENERAL ELECTIVE,ELEC,802L,GENERAL ELECTIVE
CPS,100,COMPUTING STUD SEM,CMSC,110L,COMPUTING STUD SEM
CPS,121,COMP SCI ELECTIVE,CMSC,801L,COMP SCI ELECTIVE
CPS,123,COMP SCI ELECTIVE,CMSC,802L,COMP SCI ELECTIVE
CPS,131,COMP SCI ELECTIVE,CMSC,801L,COMP SCI ELECTIVE
CPS,141,Intro Comp Sci Prog,CMSC,901L,COMP SCI COURSE
CPS,141,Intro Comp Sci Prog,CMPT,120L,INTRO TO PROGRAMMING
CPS,141,CMSC COURSE,CMPT,120L,INTRO TO PROGRAMMING
CPS,141,CMSC COURSE,CMSC,901L,COMP SCI COURSE
CPS,142,CMSC COURSE,CMSC,902L,COMP SCI COURSE
CPS,231,Data Structures,CMPT,220L,SOFTWARE DEVELOPMENT I
CPS,231,Data Structures,CMSC,120L,COMPUTER SCI I
CPS,231,COMPUTER SCI I,CMPT,220L,SOFTWARE DEVELOPMENT I
CPS,231,COMPUTER SCI I,CMSC,120L,COMPUTER SCI I
CPS,271,CMSC ELECTIVES,CMSC,801L,COMP SCI ELECTIVE
CPS,272,CMSC ELECTIVES,CMSC,802L,COMP SCI ELECTIVE
CRJ,100,CRIM JUST ELECT,CRJU,801L,CRIM JUST ELECT
CRJ,101,NON-TRANSFERABLE COURSE,REG,800L,NON-TRANSFERABLE COURSE
CRJ,107,NON-TRANSFERABLE COURSE,REG,800L,NON-TRANSFERABLE COURSE
CRJ,141,INTRO CRIM JUST,CRJU,101L,INTRO CRIM JUST
CRJ,144,JUV JUST SYST,CRJU,305L,JUV JUST SYST
CRJ,201,CRIM JUS ORG&ADM,CRJU,301N,CRIM JUS ORG&ADM
CRJ,205,GENERAL ELECTIVE,ELEC,801L,GENERAL ELECTIVE
CRJ,206,CRIM & SCI INVEST,CRJU,206N,CRIM & SCI INVEST
CRJ,261,CRJU ELECTIVE,CRJU,806L,CRIM JUST ELECTIVE
CRJ,263,CRIM PROC II,CRJU,304L,CRIM PROCEDR II
CRJ,264,CRIM PROC I,CRJU,303L,CRIM PROC I:NYS PENAL CODE
CRJ,265,US COURTS,CRJU,250L,US COURTS
CRJ,266,CRIM JUST COURSE,CRJU,901L,CRIM JUST COURSE
CRJ,271,NON-TRANSFERABLE COURSE,REG,800L,NON-TRANSFERABLE COURSE
CSM,90,NON-TRANSFERABLE COURSE,REG,800L,NON-TRANSFERABLE COURSE
CSM,93,NON-TRANSFERABLE COURSE,REG,800L,NON-TRANSFERABLE COURSE
CSM,94,NON-TRANSFERABLE COURSE,REG,800L,NON-TRANSFERABLE COURSE
CSS,71,NON-TRANSFERABLE COURSE,REG,800L,NON-TRANSFERABLE COURSE
CSS,72,NON-TRANSFERABLE COURSE,REG,800L,NON-TRANSFERABLE COURSE
CSS,73,NON-TRANSFERABLE COURSE,REG,800L,NON-TRANSFERABLE COURSE
CSS,95,NON-TRANSFERABLE COURSE,REG,800L,NON-TRANSFERABLE COURSE
CSS,97,NON-TRANSFERABLE COURSE,REG,800L,NON-TRANSFERABLE COURSE
DAC,101,NON-TRANSFERABLE COURSE,REG,800L,NON-TRANSFERABLE COURSE
DAC,102,NON-TRANSFERABLE COURSE,REG,800L,NON-TRANSFERABLE COURSE
DAC,201,NON-TRANSFERABLE COURSE,REG,800L,NON-TRANSFERABLE COURSE
DAC,202,NON-TRANSFERABLE COURSE,REG,800L,NON-TRANSFERABLE COURSE
DAC,203,NON-TRANSFERABLE COURSE,REG,800L,NON-TRANSFERABLE COURSE
DAC,204,NON-TRANSFERABLE COURSE,REG,800L,NON-TRANSFERABLE COURSE
DAN,101,INTRO TO DANCE,PHED,106N,INTRO TO DANCE
DAN,102,BEG CLASS BALLET,PHED,105N,BEG CLASS BALLET
DAN,104,MODERN DANCE I,PHED,128N,MODERN DANCE I
DAN,106,PHED ED COURSE,PHED,800N,PHED ELECTIVE
DAN,107,PHED ELECTIVE,PHED,800N,PHED ELECTIVE
DAN,108,MUSIC COURSE,MUS,901L,MUSIC COURSE
DAN,146,Performance & Applied Dance,PHED,802N,PHYS ED ELECTIVE
DAN,147,PHYS ED ELECTIVE,PHED,801N,PHYS ED ELECTIVE
DAN,246,PHYS ED ELECTIVE,PHED,805N,PHYS ED ELECTIVE
DAN,247,PHYS ED ELECTIVE,PHED,804N,PHYS ED ELECTIVE
DAN,901,Choreography & Composition,PHED,803N,PHYS ED ELECTIVE
DAP,111,IS ELECTIVE,IS,801L,IS ELECTIVE
DAP,112,COMPUTER STUDIES ELEC,CSIS,801L,COMPUTER STUDIES ELEC
DAP,123,INFO SYSTEMS ELECTIVE,IS,803L,INFO SYSTEMS ELECTIVE
DAP,124,INFO SYSTEMS ELECTIVE,IS,806L,INFO SYSTEMS ELECTIVE
DAP,211,COMP SCI ELECTIVE,CMSC,802L,COMP SCI ELECTIVE
DAP,212,INFO SYSTEMS ELECTIVE,IS,802L,INFO SYSTEMS ELECTIVE
DAP,223,COMP SCI ELECTIVE,CMSC,804L,COMP SCI ELECTIVE
DAP,227,COMP SCI ELECTIVE,CMSC,805L,COMP SCI ELECTIVE
DAP,802,NON-TRANSFERABLE COURSE,REG,800L,NON-TRANSFERABLE COURSE
DAT,124,COMP SCI ELECTIVE,CMSC,805L,COMP SCI ELECTIVE
DCAN,108,MUSIC COURSE,MUS,901L,MUSIC COURSE
DNY,1000,GENERAL ELECTIVE,ELEC,801L,GENERAL ELECTIVE
DTN,101,NON-TRANSFERABLE COURSE,REG,800L,NON-TRANSFERABLE COURSE
DTN,102,TOPICS IN NUTRITION,BIOL,225L,TOPICS IN NUTRITION
DTN,103,NON-TRANSFERABLE COURSE,REG,800L,NON-TRANSFERABLE COURSE
DTN,201,GENERAL ELECTIVE,ELEC,801L,GENERAL ELECTIVE
DTN,202,GENERAL ELECTIVE,ELEC,802L,GENERAL ELECTIVE
DTN,203,GENERAL ELECTIVE,ELEC,803L,GENERAL ELECTIVE
DTN,204,GENERAL ELECTIVE,ELEC,804L,GENERAL ELECTIVE
DTN,205,NON-TRANSFERABLE COURSE,REG,800L,NON-TRANSFERABLE COURSE
ECH,101,EDUC ELECTIVE,EDUC,801L,EDUC ELECTIVE
ECH,102,EDUC ELECTIVE,EDUC,802L,EDUC ELECTIVE
ECH,103,NON-TRANSFERABLE COURSE,REG,800L,NON-TRANSFERABLE COURSE
ECH,104,NON-TRANSFERABLE COURSE,REG,800L,NON-TRANSFERABLE COURSE
ECH,106,NON-TRANSFERABLE COURSE,REG,800L,NON-TRANSFERABLE COURSE
ECH,107,EDUC ELECTIVE,EDUC,803L,EDUC ELECTIVE
ECH,108,EDUC ELECTIVE,EDUC,804L,EDUC ELECTIVE
ECH,111,GENERAL ELECTIVE,ELEC,801L,GENERAL ELECTIVE
ECH,112,GEN ELECTIVE,ELEC,801L,GENERAL ELECTIVE
ECH,120,NON-TRANSFERABLE COURSE,REG,800L,NON-TRANSFERABLE COURSE
ECH,121,NON-TRANSFERABLE COURSE,REG,800L,NON-TRANSFERABLE COURSE
ECH,203,NON-TRANSFERABLE COURSE,REG,800L,NON-TRANSFERABLE COURSE
ECH,204,NON-TRANSFERABLE COURSE,REG,800L,NON-TRANSFERABLE COURSE
ECH,205,EDUC ELECTIVE,EDUC,805L,EDUC ELECTIVE
ECH,206,EDUC ELECTIVE,EDUC,800N,EDUCATION ELECTIVE
ECH,211,NON-TRANSFERABLE COURSE,REG,800L,NON-TRANSFERABLE COURSE
ECH,214,EDUC ELECTIVE,EDUC,801N,EDUCATION ELECTIVE
ECH,254,GENERAL ELECTIVE,ELEC,803L,GENERAL ELECTIVE
ECN,105,ECON-SOCIAL ISSUES,ECON,150L,ECON-SOCIAL ISSUES
ECO,102,PRINC MACROECONOM,ECON,101L,PRINC MACROECONOM
ECO,105,ECON-SOCIAL ISSUES,ECON,150L,ECON-SOCIAL ISSUES
ECO,106,PRINC MICROECONOM,ECON,102L,PRINC MICROECONOM
ECO,111,ECONOMICS COURSE,ECON,901L,ECONOMICS COURSE
ECO,115,ECON-SOCIAL ISSUES,ECON,150L,ECON-SOCIAL ISSUES
ECO,121,ENVIRON ECONOMICS,ECON,305L,ENVIRON ECONOMICS
ECO,201,PRINC MICROECONOM,ECON,102L,PRINC MICROECONOM
ECO,201,PRINC MICROECONOM,ECON,103L,PRINC MICROECONOM
ECO,201,PRINC MICROECONOM,ECON,103L,PRINC MICROECONOM
ECO,201,PRINC MICROECONOM,ECON,102L,PRINC MICROECONOM
ECO,202,PRINC MACROECONOM,ECON,104L,PRINC MACROECONOM
ECO,202,PRINC MACROECONOM,ECON,101L,PRINC MACROECONOM
ECO,202,PRINC MACROECONOM,ECON,104L,PRINC MACROECONOM
ECO,202,PRINC MACROECONOM,ECON,101L,PRINC MACROECONOM
ECO,208,PRINC MICROECONOM,ECON,102L,PRINC MICROECONOM
ECO,215,PRINC MACROECONOM,ECON,101L,PRINC MACROECONOM
ECO,216,PRINC MICROECONOM,ECON,102L,PRINC MICROECONOM
ECO,218,LABOR RELATIONS,BUS,402L,LABOR RELATIONS
ECO,221,NON-TRANSFERABLE COURSE,REG,800L,NON-TRANSFERABLE COURSE
ECO,224,INTERNATION ECON,ECON,442L,INTERNATION ECON
ECO,271,NON-TRANSFERABLE COURSE,REG,800L,NON-TRANSFERABLE COURSE
ECO,272,NON-TRANSFERABLE COURSE,REG,800L,NON-TRANSFERABLE COURSE
ECO,273,NON-TRANSFERABLE COURSE,REG,800L,NON-TRANSFERABLE COURSE
ECO,902,ECONOMICS COURSE,ECON,901L,ECONOMICS COURSE
ECON,102L,PRINC MICROECONOM,ECON,102L,PRINC MICROECONOM
ECON,201,PRINC MICROECONOM,ECON,102L,PRINC MICROECONOM
ECOO,11,PRINC MACROECONOM,ECON,101L,PRINC MACROECONOM
ECOO,12,PRINC MICROECONOM,ECON,102L,PRINC MICROECONOM
ECOP,105,ECON-SOCIAL ISSUES,ECON,150L,ECON-SOCIAL ISSUES
EED,100,Elementary Education Intro Sem,EDUC,801N,EDUCATION ELECTIVE
EED,115,Symbolic Rep Language & Litrcy,EDUC,802N,EDUC ELECTIVE
EED,116,Fieldwork I,EDUC,804N,EDUCATION ELECTIVE
EED,254,Fndatns/Issues in Dvrs Ece Cla,EDUC,803N,EDUCATION ELECTIVE
ELEC,8011010,002570L ELECTIVE,ELEC,801N,GENERAL ELECTIVE
ELEC,801L,GENERAL ELECTIVE,ELEC,801L,GENERAL ELECTIVE
ELEC,801N,GENERAL ELECTIVE,ELEC,801N,GENERAL ELECTIVE
ELEC,802L,GENERAL ELECTIVE,ELEC,802L,GENERAL ELECTIVE
ELEC,802N,GENERAL ELECTIVE,ELEC,802N,GENERAL ELECTIVE
ELEC,803L,GENERAL ELECTIVE,ELEC,803L,GENERAL ELECTIVE
ELEC,804,GENERAL ELECTIVE,ELEC,804N,GENERAL ELECTIVE
ELT,101,GENERAL ELECTIVE,ELEC,802L,GENERAL ELECTIVE
ELT,104,GENERAL ELECTIVE,ELEC,800N,GENERAL ELECTIVE
ELT,105,GENERAL ELECTIVE,ELEC,801N,GENERAL ELECTIVE
ELT,106,GENERAL ELECTIVE,ELEC,802N,GENERAL ELECTIVE
ELT,115,GENERAL ELECTIVE,ELEC,803N,GENERAL ELECTIVE
ELT,203,GENERAL ELECTIVE,ELEC,804N,GENERAL ELECTIVE
ELT,204,GENERAL ELECTIVE,ELEC,800N,GENERAL ELECTIVE
ELT,205,GENERAL ELECTIVE,ELEC,805N,GENERAL ELECTIVE
ELT,206,GENERAL ELECTIVE,ELEC,806N,GENERAL ELECTIVE
ELT,207,NON-TRANSFERABLE COURSE,REG,800L,NON-TRANSFERABLE COURSE
ELT,209,NON-TRANSFERABLE COURSE,REG,800L,NON-TRANSFERABLE COURSE
ELT,210,COMP SCI ELECTIVE,CMSC,801L,COMP SCI ELECTIVE
ELT,211,GENERAL ELECTIVE,ELEC,809N,GENERAL ELECTIVE
ELT,213,GENERAL ELECTIVE,ELEC,810N,GENERAL ELECTIVE
ELT,214,GENERAL ELECTIVE,ELEC,800N,GENERAL ELECTIVE
ELT,215,GENERAL ELECTIVE,ELEC,807N,ELECTIVE COURSE
ELT,216,GENERAL ELECTIVE,ELEC,801N,GENERAL ELECTIVE
ELT,250,GENERAL ELECTIVE,ELEC,805N,GENERAL ELECTIVE
EMB,105,EMT Basic,EMS,800L,EMS ELECTIVE
EMS,203,GENERAL ELECTIVE,ELEC,804N,GENERAL ELECTIVE
EMS,206,GENERAL ELECTIVE,ELEC,803N,GENERAL ELECTIVE
EN,12,COLLEGE WRITING I,ENG,116L,COLLEG WRITNG I
ENG,1,NON-TRANSFERABLE COURSE,REG,800L,NON-TRANSFERABLE COURSE
ENG,2,NON-TRANSFERABLE COURSE,REG,800L,NON-TRANSFERABLE COURSE
ENG,10,ENG COURSE/LIT,ENG,911L,ENG COURSE/LIT
ENG,91,NON-TRANSFERABLE COURSE,REG,800L,NON-TRANSFERABLE COURSE
ENG,92,NON-TRANSFERABLE COURSE,REG,800L,NON-TRANSFERABLE COURSE
ENG,95,NON-TRANSFERABLE COURSE,REG,800L,NON-TRANSFERABLE COURSE
ENG,96,NON-TRANSFERABLE COURSE,REG,800L,NON-TRANSFERABLE COURSE
ENG,100,ENGLISH ELECTIVE,ENG,801L,ENGLISH ELECTIVE
ENG,101,COLLEG WRITNG I,ENG,116L,COLLEG WRITNG I
ENG,102,WRITING FOR COLLEGE,ENG,120L,WRITING FOR COLLEGE
ENG,102,WRITING FOR COLLEGE,ENG,117L,COLL WRITING II
ENG,102,COLL WRITING II,ENG,117L,COLL WRITING II
ENG,102,COLL WRITING II,ENG,120L,WRITING FOR COLLEGE
ENG,103,COLL WRITING II,ENG,117L,COLL WRITING II
ENG,105,F,ELEC,802N,GENERAL ELECTIVE
ENG,108,GENERAL ELECTIVE,ELEC,801N,GENERAL ELECTIVE
ENG,111,COLLEG WRITNG I,ENG,116L,COLLEG WRITNG I
ENG,131,GENERAL ELECTIVE,ELEC,800L,GENERAL ELECTIVE
ENG,201,ENGLISH LIT I,ENG,212L,ENGLISH LIT I
ENG,202,ENGLISH LIT II,ENG,213L,ENGLISH LIT II
ENG,203,AMERICAN LIT I,ENG,210L,AMERICAN LIT I
ENG,204,AMERICAN LIT II,ENG,211L,AMERICAN LIT II
ENG,205,ENGLISH LIT COURSE,ENG,910L,ENGLISH LIT COURSE
ENG,206,ENGLISH LIT COURSE,ENG,911L,ENG COURSE/LIT
ENG,207,RISE DEL ENG DRAM,ENG,320L,RISE DEL ENG DRAM
ENG,208,MODERN DRAMA,ENG,363L,MODERN DRAMA
ENG,209,WORKSHOP FICTION,ENG,382L,WORKSHOP FICTION
ENG,210,POETRY WORKSH,ENG,311L,POETRY WORKSH
ENG,211,COMM ELECTIVE,COM,801L,COMM ELECTIVE
ENG,212,Greek/Roman Lit Translation,ENG,270L,CLASSICS WEST LIT
ENG,213,ENG COURSE/LIT,ENG,912L,ENGLISH COURSE/LIT
ENG,214,CONT ENG-AM POET,ENG,342L,CONT ENG-AM POET
ENG,215,CONT ENG-AM POET,ENG,342L,CONT ENG-AM POET
ENG,216,AM SHORT FIC,ENG,240L,AM SHORT FIC
ENG,217,TECH-PROF WRITE,ENG,312L,TECH-PROF WRITE
ENG,218,ADVANCED WRITING,ENG,218L,ADVANCED WRITING
ENG,218L,ENGLISH ELECTIVE,ENG,801L,ENGLISH ELECTIVE
ENG,221,ENGLISH LIT COURSE,ENG,910L,ENGLISH LIT COURSE
ENG,223,ENGLISH LIT COURSE,ENG,911L,ENG COURSE/LIT
ENG,224,ENG COURSE/LIT,ENG,353L,ETHNIC AMER LIT
ENG,224L,ETHNIC AMER LIT,ENG,353L,ETHNIC AMER LIT
ENG,225,LITERATURE COURSE,ENG,913L,ENG COURSE LIT
ENG,226,COMM ELECTIVE,COM,802L,COMM ELECTIVE
ENG,227,FILM & LITERATURE,ENG,339L,FILM & LITERATURE
ENG,228,ENGLISH COURSE/LIT,ENG,912L,ENGLISH COURSE/LIT
ENG,229,ENGLISH COURSE/LIT,ENG,912L,ENGLISH COURSE/LIT
ENG,230,SHAKESPEARE,ENG,221L,THEMES SHAKESPEARE
ENG,230,SHAKESPEARE,ENG,325L,SHAKESPEARE
ENG,231,ENG COURSE/LIT,ENG,911L,ENG COURSE/LIT
ENG,233,ENG COURSE/LIT,ENG,911L,ENG COURSE/LIT
ENG,263,ENGLISH COURSE/LIT,ENG,912L,ENGLISH COURSE/LIT
ENG,264,ENGLISH LIT COURSE,ENG,910L,ENGLISH LIT COURSE
ENG,266,COMM ELECTIVE,COM,801L,COMM ELECTIVE
ENG,267,ENG COURSE/LIT,ENG,911L,ENG COURSE/LIT
ENG,268,ENG COURSE/LIT,ENG,911L,ENG COURSE/LIT
ENG,269,ENGLISH LIT COURSE,ENG,910L,ENGLISH LIT COURSE
ENG,273,ENGLISH COURSE/LIT,ENG,912L,ENGLISH COURSE/LIT
ENG,280,ENG COURSE LIT,ENG,911L,ENG COURSE/LIT
ENG,309,WORKSHOP FICTION,ENG,382L,WORKSHOP FICTION
ENG,902L,ENG COURSE/WRIT,ENG,902L,ENG COURSE/WRIT
ENG,906,ENG COURSE/LIT,ENG,911L,ENG COURSE/LIT
ENG,911,COMM COURSE,COM,901L,COMM COURSE
ENG,911L,COMM COURSE,COM,901L,COMM COURSE
ENR,100,NON-TRANSFERABLE COURSE,REG,800L,NON-TRANSFERABLE COURSE
ENR,101,GENERAL ELECTIVE,ELEC,801N,GENERAL ELECTIVE
ENR,101,GENERAL ELECTIVE,ELEC,804L,GENERAL ELECTIVE
ENR,101,GENERAL ELECTIVE,ELEC,801N,GENERAL ELECTIVE
ENR,101,GENERAL ELECTIVE,ELEC,804L,GENERAL ELECTIVE
ENR,102,GENERAL ELECTIVE,ELEC,802N,GENERAL ELECTIVE
ENR,103,GENERAL ELECTIVE,ELEC,803N,GENERAL ELECTIVE
ENR,106,GENERAL ELECTIVE,ELEC,803L,GENERAL ELECTIVE
ENR,201,GENERAL ELECTIVE,ELEC,804N,GENERAL ELECTIVE
ENR,202,GENERAL ELECTIVE,ELEC,804N,GENERAL ELECTIVE
ENR,209,GENERAL ELECTIVE,ELEC,805N,GENERAL ELECTIVE
ENR,215,NON-TRANSFERABLE COURSE,REG,800L,NON-TRANSFERABLE COURSE
ENR,903,GENERAL ELECTIVE,ELEC,803L,GENERAL ELECTIVE
ENT,101,GENERAL ELECTIVE,ELEC,801N,GENERAL ELECTIVE
ENT,102,ELECTIVE COURSE,ELEC,807N,ELECTIVE COURSE
ENT,103,GENERAL ELECTIVE,ELEC,802N,GENERAL ELECTIVE
ENT,104,GENERAL ELECTIVE,ELEC,801L,GENERAL ELECTIVE
ENT,105,GENERAL ELECTIVE,ELEC,802N,GENERAL ELECTIVE
ENT,1051,FINANCIAL ACCTNG,ACCT,203N,FINANCIAL ACCTNG
ENT,106,NON-TRANSFERABLE COURSE,REG,800L,NON-TRANSFERABLE COURSE
ENT,108,GENERAL ELECTIVE,ELEC,801N,GENERAL ELECTIVE
ENT,110,GENERAL ELECTIVE,ELEC,800N,GENERAL ELECTIVE
ENT,131,GENERAL ELECTIVE,ELEC,800N,GENERAL ELECTIVE
ENT,202,GENERAL ELECTIVE,ELEC,810N,GENERAL ELECTIVE
ENT,210,GENERAL ELECTIVE,ELEC,801N,GENERAL ELECTIVE
ENT,907,NON-TRANSFERABLE COURSE,REG,800L,NON-TRANSFERABLE COURSE
ESW,100,HEALTH ELECTIVE,HLTH,801L,HEALTH ELECTIVE
ESW,101,PHYS ED ELECTIVE,PHED,804N,PHYS ED ELECTIVE
ESW,201,HEALTH PROFESSION COURSE,HLTH,902L,HEALTH PROFESSIONS COURSE
ESW,202,PHYS ED ELECTIVE,PHED,803N,PHYS ED ELECTIVE
ESW,203,Personal Training Certificatio,PHED,802N,PHYS ED ELECTIVE
FASH,800N,FASHION ELECTIVE,FASH,805N,FASHION ELECTIVE
FASH,804,FASHION ELECTIVE,FASH,804N,FASHION ELECTIVE
FIN,2011,FINANCIAL MGMT,BUS,320N,FINANCIAL MGMT
FIN,203,FINANCIAL MGMT,BUS,320N,FINANCIAL MGMT
FRE,101,ELEM FREN I,FREN,101L,ELEM FREN I
FRE,102,ELEM FREN II,FREN,102L,ELEM FREN II
FRE,201,INTERM FREN I,FREN,105L,INTERM FREN I
FRE,202,INTERM FREN II,FREN,106L,INTERM FREN II
FRE,204,LANG & CULT I,FREN,201L,LANG & CULT I
FRE,205,LANG & CULT II,FREN,202L,LANG & CULT II
FRE,208,FRENCH ELECTIVE,FREN,801L,FRENCH ELECTIVE
FRE,271,FRENCH ELECTIVE,FREN,801L,FRENCH ELECTIVE
FRE,273,FREN LITERATURE,FREN,911L,FRENCH LIT COURSE
FRE,301,ADV READ-CONV I,FREN,312L,ADV READ-CONV I
FRE,302,ADV READ-CONV II,FREN,313L,ADV READ-CONV II
FRE,903,FRENCH COURSE,FREN,901L,FRENCH COURSE
GEO,10,SCIENCE COURSE,SCI,901L,SCIENCE COURSE
GEO,101,GEOGRAPHY COURSE,GEO,900L,GEOGRAPHY COURSE
GEO,102,GEOGRAPHY COURSE,GEO,901L,GEOGRAPHY COURSE
GER,101,ELEM GERMAN I,GERM,101L,ELEM GERMAN I
GER,102,ELEM GERMAN II,GERM,102L,ELEM GERMAN II
GER,201,INTERM GERMAN I,GERM,105L,INTERM GERMAN I
GER,202,INTERM GERMAN II,GERM,106L,INTERM GERMAN II
GER,301,GERM LANG/CULT I,GERM,201L,GERM LANG/CULT I
GERM,111,H,GERM,931L,GERM CULTURE COURSE
GERM,N201,INTERM GERMAN I,GERM,105L,INTERM GERMAN I
GIS,901,GEOGRAPHY COURSE,GEO,901L,GEOGRAPHY COURSE
GLG,110,ENVIR. SCI ELECTIVE,ENSC,800L,ENVIR. SCI ELECTIVE
GLG,121,SCIENCE COURSE,SCI,901L,SCIENCE COURSE
GLG,124,ENV SCI COURSE,ENSC,901L,ENV SCI COURSE
GLG,126,Environmental Geology,SCI,901L,SCIENCE COURSE
GLG,901,SCIENCE COURSE,SCI,901L,SCIENCE COURSE
GOB,263,POLITICAL SCIENCE COURSE,POSC,901L,POLITICAL SCIENCE COURSE
GOB,2632,POLITICAL SCIENCE COURSE,POSC,901L,POLITICAL SCIENCE COURSE
GOV,121,AMER NATL GOVT,POSC,110L,AMER NATL GOVT
GOV,122,AM STATE/URBAN PO,POSC,211L,AM STATE/URBAN PO
GOV,151,INTRO TO LAW,PRLG,101L,INTRO TO LAW
GOV,201,POLIT THOUGHT III,POSC,243L,POLIT THOUGHT III
GOV,211,POLITICAL SCI COURSE,POSC,900L,POLITICAL SCI COURSE
GOV,213,POLITICAL SCI COURSE,POSC,900L,POLITICAL SCI COURSE
GOV,219,INTERNAT POLITICS,POSC,273L,INTERNAT POLITICS
GOV,220,HISTORY COURSE,HIST,901L,HISTORY COURSE
GOV,221,COMP POL EST EURO,POSC,252L,COMP POL EST EURO
GOV,222,State & Local Government,POSC,901L,POLITICAL SCIENCE COURSE
GOV,223,POLITICAL SCIENCE COURSE,POSC,901L,POLITICAL SCIENCE COURSE
GOV,263,POLITICAL SCIENCE COURSE,POSC,901L,POLITICAL SCIENCE COURSE
GOV,264,Natl Mod UN II,POSC,902L,POLITICAL SCIENCE COURSE
GOV,273,POLITICAL SCIENCE COURSE,POSC,902L,POLITICAL SCIENCE COURSE
GOV,805,POLITICAL SCIENCE COURSE,POSC,901L,POLITICAL SCIENCE COURSE
GOV,807,POL SCIENCE ELECTIVE,POSC,801L,POL SCIENCE ELECTIVE
GOV,910,POLITICAL SCIENCE COURSE,POSC,901L,POLITICAL SCIENCE COURSE
GOVT,121,AMER NATL GOVT,POSC,110L,AMER NATL GOVT
GSS,100,General Studies Seminar,ELEC,801L,GENERAL ELECTIVE
HE,101,HISTORY COURSE,HIST,901L,HISTORY COURSE
HED,120,PHYS ED ELECTIVE,PHED,801L,PHYS ED ELECTIVE
HED,121,PHYS ED ELECTIVE,PHED,803N,PHYS ED ELECTIVE
HED,122,PHYS ED ELECTIVE,PHED,804N,PHYS ED ELECTIVE
HED,123,PHYS ED ELECTIVE,PHED,801L,PHYS ED ELECTIVE
HED,123L,CONTEMP HEALTH,PHED,101L,PHYSIO OF HEALTH
HED,124,PHYS ED ELECTIVE,PHED,801L,PHYS ED ELECTIVE
HED,125,PHYS ED ELECTIVE,PHED,802L,PHYS ED ELECTIVE
HED,131,PHYS ED ELECTIVE,PHED,803N,PHYS ED ELECTIVE
HED,133,PHYS ED ELECTIVE,PHED,801L,PHYS ED ELECTIVE
HED,134,FIRST AID/CPR,HLTH,202N,FIRST AID/CPR
HED,135,PHYS ED ELECTIVE,PHED,801N,PHYS ED ELECTIVE
HED,201,PHYS ED ELECTIVE,PHED,802L,PHYS ED ELECTIVE
HED,203,Health and Aging,ELEC,801L,GENERAL ELECTIVE
HED,224,PSYCHOLOGY COURSE,PSYC,905L,PSYCHOLOGY COURSE
HED,801,PHYS ED ELECTIVE,PHED,801L,PHYS ED ELECTIVE
HGE,101,HISTORY COURSE,HIST,901L,HISTORY COURSE
HGE,105,ECONOMICS COURSE,ECON,901L,ECONOMICS COURSE
HGH,101,HISTORY COURSE,HIST,901L,HISTORY COURSE
HIS,2,NON-TRANSFERABLE COURSE,REG,800L,NON-TRANSFERABLE COURSE
HIS,4,NON-TRANSFERABLE COURSE,REG,800L,NON-TRANSFERABLE COURSE
HIS,101,HISTORY COURSE,HIST,901L,HISTORY COURSE
HIS,102,THEMES IN MOD HIST,HIST,101L,THEMES IN MOD HIST
HIS,102L,HISTORY COURSE,HIST,901L,HISTORY COURSE
HIS,103,AMER HIST I,HIST,226L,AMER HIST I
HIS,104,AMER HIST II,HIST,227L,AMER HIST II
HIS,106,HISTORY COURSE,HIST,900L,HISTORY COURSE
HIS,107,HISTORY COURSE,HIST,902L,HISTORY COURSE
HIS,108,THEMES IN MOD HIST,HIST,101L,THEMES IN MOD HIST
HIS,114,AMER HIST II,HIST,227L,AMER HIST II
HIS,121,AMER NATNL GOVT,POSC,110L,AMER NATL GOVT
HIS,181,HISTORY COURSE,HIST,901L,HISTORY COURSE
HIS,182,HISTORY COURSE,HIST,904L,HISTORY COURSE
HIS,202,HISTORY COURSE,HIST,900L,HISTORY COURSE
HIS,206,HIST LATIN AM II,HIST,274L,HIST LATIN AM II
HIS,207,RUSSIA TO 1850,HIST,260L,RUSSIA TO 1850
HIS,209,BLACK AMER EXP,HIST,234L,BLACK AMER EXP
HIS,210,HISTORY COURSE,HIST,900L,HISTORY COURSE
HIS,214,AMERICAN FEMINISM,HIST,230L,AMERICAN FEMINISM
HIS,215,HISTORY COURSE,HIST,902L,HISTORY COURSE
HIS,216,HISTORY COURSE,HIST,902L,HISTORY COURSE
HIS,217,TRADITIONAL CHINA,HIST,270L,TRADITIONAL CHINA
HIS,220,HISTORY COURSE,HIST,907L,HIST COURSE
HIS,221,Medieval Europe 600-1500,HIST,248L,MEDIEVAL EUROPE
HIS,225,HISTORY COURSE,HIST,901L,HISTORY COURSE
HIS,273,AMER HIST II,HIST,227L,AMER HIST II
HIS,905,HISTORY COURSE,HIST,905L,HISTORY COURSE
HIS,906,HISTORY COURSE,HIST,900L,HISTORY COURSE
HIS,908,HISTORY COURSE,HIST,901L,HISTORY COURSE
HIS,910,HISTORY COURSE,HIST,901L,HISTORY COURSE
HIS,914,MODERN CHINA,HIST,271L,MODERN CHINA
HIST,104,AMER HIST II,HIST,227L,AMER HIST II
HIST,107,HISTORY COURSE,HIST,902L,HISTORY COURSE
HIST,108,THEMES IN MOD HIST,HIST,101L,THEMES IN MOD HIST
HLTH,202N,FIRST AID/CPR,HLTH,202N,FIRST AID/CPR
HMS,100,GENERAL ELECTIVE,SOC,801L,GENERAL ELECTIVE
HMS,100,GENERAL ELECTIVE,ELEC,801L,GENERAL ELECTIVE
HMS,100,GENERAL ELECTIVE,SOC,801L,GENERAL ELECTIVE
HMS,100,GENERAL ELECTIVE,ELEC,801L,GENERAL ELECTIVE
HMS,102,PSYCHOLOGY COURSE,PSYC,901L,PSYCHOLOGY COURSE
HMS,111,NON-TRANSFERABLE COURSE,REG,800L,NON-TRANSFERABLE COURSE
HMS,112,GENERAL ELECTIVE,ELEC,801L,GENERAL ELECTIVE
HMS,121,GENERAL ELECTIVE,ELEC,801L,GENERAL ELECTIVE
HMS,122,PSYCHOLOGY COURSE,PSYC,901L,PSYCHOLOGY COURSE
HMS,134,PSYC COURSE,PSYC,902L,PSYC COURSE
HMS,141,INTRO CRIM JUST,CRJU,101L,INTRO CRIM JUST
HMS,242,DRUG/ALCOHOL ABUS,CRJU,242L,DRUG/ALCOHOL ABUS
HMS,262,JUVENILE DELINQ,CRJU,223L,JUVENILE DELINQ
HMS,263,CRIM PROCEDR II,CRJU,304L,CRIM PROCEDR II
HMS,264,CRIM PROCEDURE I,CRJU,303L,CRIM PROCEDURE I
HMS,266,CRIM JUST COURSE,CRJU,902L,CRIM JUST COURSE
HTM,110,NON-TRANSFERABLE COURSE,REG,800L,NON-TRANSFERABLE COURSE
HTM,201,NON-TRANSFERABLE COURSE,REG,800L,NON-TRANSFERABLE COURSE
HTM,202,NON-TRANSFERABLE COURSE,REG,800L,NON-TRANSFERABLE COURSE
HTM,210,NON-TRANSFERABLE COURSE,REG,800L,NON-TRANSFERABLE COURSE
HTM,271,NON-TRANSFERABLE COURSE,REG,800L,NON-TRANSFERABLE COURSE
HTM,272,NON-TRANSFERABLE COURSE,REG,800L,NON-TRANSFERABLE COURSE
HTM,273,NON-TRANSFERABLE COURSE,REG,800L,NON-TRANSFERABLE COURSE
HTS,101,GENERAL ELECTIVE,ELEC,804L,GENERAL ELECTIVE
HUM,205,ART 100 LEV GEN,ART,902L,ART 100 LEV GEN
INT,10,SOCIOLOGY COURSE,SOC,901L,SOCIOLOGY COURSE
INT,801,ART COURSE,ART,901L,ART COURSE
IS,310,ARCH-HARD-SOFTWARE,IS,321L,ARCH-HARD-SOFTWAR
ITA,101,ELEM ITAL I,ITAL,101L,ELEM ITAL I
ITA,201,Interm. Italian  I,ITAL,105L,INTERM ITAL I
ITA,202,Interm Italian II,ITAL,106L,INTERM ITAL II
ITL,101,ELEM ITAL I,ITAL,101L,ELEM ITAL I
ITL,102,ELEM ITALIAN II,ITAL,102L,ELEM ITALIAN II
ITL,201,INTERM ITAL I,ITAL,105L,INTERM ITAL I
ITL,202,INTERM ITALIAN II,ITAL,106L,INTERM ITALIAN II
ITL,204,ADV ITALIAN I,ITAL,201L,ADV ITALIAN I
ITL,205,ADV ITALIAN II,ITAL,202L,ADV ITALIAN II
ITL,208,ITALIAN COURSE,ITAL,901L,ITALIAN COURSE
ITL,273,ITALIAN ELECTIVE,ITAL,801L,ITALIAN ELECTIVE
LAH,100,GENERAL ELECTIVE,ELEC,801L,GENERAL ELECTIVE
LAM,100,MATH ELECTIVE,MATH,801L,MATH ELECTIVE
LANG,911L,FOR LIT COURSE,LANG,911L,FOR LIT COURSE
LAT,100,EDUC ELECTIVE,EDUC,801L,EDUC ELECTIVE
LAT,200,EDUC ELECTIVE,EDUC,801L,EDUC ELECTIVE
LAT,201,EDUC ELECTIVE,EDUC,802L,EDUC ELECTIVE
LAW,212,BUSINESS LAW II,BUS,381N,BUSINESS LAW II
LAW,225,BUS COURSE,BUS,901N,BUS COURSE
LGLS,251,POLITICAL SCIENCE COURSE,POSC,901L,POLITICAL SCIENCE COURSE
LITL,102,ELEM ITALIAN II,ITAL,102L,ELEM ITALIAN II
LSS,100,GENERAL ELECTIVE,ELEC,801L,GENERAL ELECTIVE
LSS,101,STUDY SKILL ELECT,LERN,801L,STUDY SKILL ELECT
LSS,201,SOCIOLOGY ELECTIVE,SOC,801L,SOCIOLOGY ELECTIVE
MA,102,INTRO-STATS,MATH,130L,INTRO-STATISTICS
MAR,200,MARKET MANAGEMENT,BUS,340N,MARKET MANAGEMENT
MAR,203,BUSINESS COURSE,BUS,902N,BUSINESS COURSE
MAR,259,BUSINESS COURSE,BUS,903N,BUSINESS COURSE
MAT,91,NON-TRANSFERABLE COURSE,REG,800L,NON-TRANSFERABLE COURSE
MAT,100,NON-TRANSFERABLE COURSE,REG,800L,NON-TRANSFERABLE COURSE
MAT,101,EXCURS-CLASSICAL,MATH,110L,EXCURS-CLASSICAL
MAT,105,MATH COURSE,MATH,901L,MATH COURSE
MAT,107,MATH COURSE,MATH,901L,MATH COURSE
MAT,107,MATH COURSE,EDUC,241N,TEACH ELEM MATH
MAT,107,MATH COURSE,EDUC,241N,TEACH ELEM MATH
MAT,108,MATH COURSE,MATH,901L,MATH COURSE
MAT,109,EXCURSIONS IN MATH I,MATH,110L,EXCURSIONS IN MATH I
MAT,109L,EXCURS-CLASSICAL,MATH,110L,EXCURS-CLASSICAL
MAT,110,INTERM ALGEBRA,MATH,108L,INTERM ALGEBRA
MAT,115,PRE-CALCULUS,MATH,120L,PRE-CALCULUS
MAT,116,MATH COURSE,MATH,901L,MATH COURSE
MAT,117,MATH COURSE,MATH,903L,MATH COURSE
MAT,118,INTRO-STATISTICS,MATH,130L,INTRO-STATISTICS
MAT,125,CALC:MGMT APPLCTN,MATH,115L,CALC:MGMT APPLCTN
MAT,128,MATH COURSE,MATH,901L,MATH COURSE
MAT,129,MATH COURSE,MATH,902L,MATH COURSE
MAT,131,MATH COURSE,MATH,901L,MATH COURSE
MAT,132,MATH COURSE,MATH,902L,MATH COURSE
MAT,140,DISCRETE MATH I,MATH,250L,DISCRETE MATH I
MAT,184,INTERM ALGEBRA,MATH,108L,INTERM ALGEBRA
MAT,185,Precalculus,MATH,120L,PRE-CALCULUS
MAT,185,Precalculus,MATH,120L,PRE-CALCULUS
MAT,185,PRECALCULUS,MATH,120L,PRE-CALCULUS
MAT,185,PRECALCULUS,MATH,120L,PRE-CALCULUS
MAT,214,DISCRETE MATH I,MATH,250L,DISCRETE MATH I
MAT,215,LINEAR ALGERBRA,MATH,210L,LINEAR ALGEBRA
MAT,217,INT MATH REASON,MATH,310L,INT MATH REASON
MAT,221,CALC:MGMT APPLCTN,MATH,115L,CALC:MGMT APPLCTN
MAT,221,CALCULUS I,MATH,115L,CALC:MGMT APPLCTN
MAT,221,CALCULUS I,MATH,241L,CALCULUS I
MAT,221,CALC:MGMT APPLCTN,MATH,241L,CALCULUS I
MAT,222,CALCULUS II,MATH,242L,CALCULUS II
MAT,223,CALCULUS III,MATH,343L,CALC III
MAT,224,DIFFERENT EQUAT,MATH,321L,DIFFERENT EQUAT
MAT,273,MATH ELECTIVE,MATH,803L,MATH ELECTIVE
MAT,904,MATH COURSE,MATH,901L,MATH COURSE
MATH,100,MATH ELECTIVE,MATH,801L,MATH ELECTIVE
MATH,110,INTERM ALEGBRA,MATH,108L,INTERM ALGEBRA
MATH,118,INTRO-STATISTICS,MATH,130L,INTRO-STATISTICS
MATH,121,CALCULUS I,MATH,221L,CALCULUS I
MATH,122,CALCULUS II,MATH,242L,CALCULUS II
MATH,125L,CALC:MGMT APPLCTN,MATH,115L,CALC:MGMT APPLCTN
MATH,130,INTRO-STATISTICS,MATH,130L,INTRO-STATISTICS
MATH,131,MATH COURSE,MATH,901L,MATH COURSE
MATH,132,MATH COURSE,MATH,902L,MATH COURSE
MATH,222,CALCULUS II,MATH,222L,CALCULUS II
MATH,901L,MATH COURSE,MATH,901L,MATH COURSE
MGT,205,MANAG ORG BEHAV,BUS,101N,MANAG ORG BEHAV
MLT,5,NON-TRANSFERABLE COURSE,REG,800L,NON-TRANSFERABLE COURSE
MLT,101,MED TECH ELECTIVE,MEDT,801N,MED TECH ELECTIVE
MLT,105,MED TECH ELECTIVE,MEDT,802N,MED TECH ELECTIVE
MLT,106,MED TECH ELECTIVE,MEDT,803N,MED TECH ELECTIVE
MLT,202,PARASITOLOGY,BIOL,421L,PARASITOLOGY
MLT,203,MED TECH ELECTIVE,MEDT,804N,MED TECH ELECTIVE
MLT,204,MED TECH ELECTIVE,MEDT,805N,MED TECH ELECTIVE
MLT,207,NON-TRANSFERABLE COURSE,REG,800L,NON-TRANSFERABLE COURSE
MLT,208,NON-TRANSFERABLE COURSE,REG,800L,NON-TRANSFERABLE COURSE
MSO,102,NON-TRANSFERABLE COURSE,REG,800L,NON-TRANSFERABLE COURSE
MTH,122,MATH ELECTIVE,MATH,802L,MATH ELECTIVE
MUS,10,MUSIC COURSE,MUS,901L,MUSIC COURSE
MUS,101,MUSIC COURSE,MUS,901L,MUSIC COURSE
MUS,104,INTRO MUSIC THEORY,MUS,120L,THEORY OF MUSIC I
MUS,115,THEORY OF MUSIC I,MUS,120L,THEORY OF MUSIC I
MUS,116,THRY OF MUSIC II,MUS,220L,THRY OF MUSIC II
MUS,117,BRASS WIND ENSEMB,MUS,231N,BRASS WIND ENSEMB
MUS,118,MUSIC ELECTIVE,MUS,801N,MUSIC ELECTIVE
MUS,121,CHORAL SINGING I,MUS,110N,CHORAL SINGING I
MUS,122,CHORAL SINGING II,MUS,111N,CHORAL SINGING II
MUS,131,MUSIC ELECTIVE,MUS,800N,MUSIC ELECTIVE
MUS,132,MUSIC COURSE,MUS,901N,MUSIC COURSE
MUS,133,MUSIC ELECTIVE,MUS,800N,MUSIC ELECTIVE
MUS,134,MUSIC ELECTIVE,MUS,800N,MUSIC ELECTIVE
MUS,135,JAZZ AND SOUND,MUS,106L,JAZZ AND SOUND
MUS,136,ORCHESTRA,MUS,234N,ORCHESTRA
MUS,137,ORCHESTRA,MUS,234N,ORCHESTRA
MUS,141,BG CLSS PIANO I,MUS,107N,BG PIANO I
MUS,142,PIANO II,MUS,108N,BG PIANO II
MUS,143,MUSIC COURSE,MUS,901N,MUSIC COURSE
MUS,144,MUSIC COURSE,MUS,901N,MUSIC COURSE
MUS,151,MUSIC ELECTIVE,MUS,800N,MUSIC ELECTIVE
MUS,152,MUSIC ELECTIVE,MUS,800N,MUSIC ELECTIVE
MUS,161,MUSIC ELECTIVE,MUS,800N,MUSIC ELECTIVE
MUS,162,MUSIC ELECTIVE,MUS,800N,MUSIC ELECTIVE
MUS,201,MATH COURSE,MUS,901L,MUSIC COURSE
MUS,202,MUSIC COURSE,MUS,901L,MUSIC COURSE
MUS,210,VOICE STUDY II,MUS,213N,VOICE STUDY II
MUS,211,IND VOCAL STUDY,MUS,351L,IND VOCAL STUDY
MUS,212,MUSIC COURSE,MUS,902L,MUSIC COURSE
MUS,219,MUSIC ELECTIVE,MUS,801L,MUSIC ELECTIVE
MUS,221,CHORAL SING III,MUS,301N,CHORAL SING III
MUS,222,MUSIC COURSE,MUS,901N,MUSIC COURSE
MUS,237,MUSIC ELECTIVE,MUS,801L,MUSIC ELECTIVE
MUS,240,MUSIC COURSE,MUS,901L,MUSIC COURSE
MUS,241,ADV CLASS PIANO,MUS,410N,ADV CLASS PIANO
MUS,243,MUSIC COURSE,MUS,903N,MUSIC COURSE
MUS,261,MUSIC ELECTIVE,MUS,803N,MUSIC ELECTIVE
MUS,273,MUSIC ELECTIVE,MUS,801N,MUSIC ELECTIVE
MUS,800N,MUSIC ELECTIVE,MUS,800N,MUSIC ELECTIVE
MUS,801N,MUSIC ELECTIVE,MUS,801N,MUSIC ELECTIVE
MUS,803N,MUSIC ELECTIVE,MUS,803N,MUSIC ELECTIVE
MUS,904N,Aural Skills I,MUS,905N,MUSIC COURSE
MUS,916,MUSIC COURSE,MUS,900N,MUSIC COURSE
NED,103,NON-TRANSFERABLE COURSE,REG,800L,NON-TRANSFERABLE COURSE
NU,RSING,GENERAL ELECTIVE,ELEC,802L,GENERAL ELECTIVE
NUR,99,NON-TRANSFERABLE COURSE,REG,800L,NON-TRANSFERABLE COURSE
NUR,100,GENERAL ELECTIVE,ELEC,801L,GENERAL ELECTIVE
NUR,105,GENERAL ELECTIVE,ELEC,801L,GENERAL ELECTIVE
NUR,107,GENERAL ELECTIVE,ELEC,802L,GENERAL ELECTIVE
NUR,111,GENERAL ELECTIVE,ELEC,804N,GENERAL ELECTIVE
NUR,112,GENERAL ELECTIVE,ELEC,805N,GENERAL ELECTIVE
NUR,204,GENERAL ELECTIVE,ELEC,802L,GENERAL ELECTIVE
NUR,213,GENERAL ELECTIVE,ELEC,806N,GENERAL ELECTIVE
NUR,215,GENERAL ELECTIVE,ELEC,807N,ELECTIVE COURSE
NUR,216,GENERAL ELECTIVE,ELEC,801N,GENERAL ELECTIVE
NUR,218,GENERAL ELECTIVE,ELEC,802N,GENERAL ELECTIVE
NUR,271,NON-TRANSFERABLE COURSE,REG,800L,NON-TRANSFERABLE COURSE
NUR,272,NON-TRANSFERABLE COURSE,REG,800L,NON-TRANSFERABLE COURSE
NUR,273,NON-TRANSFERABLE COURSE,REG,800L,NON-TRANSFERABLE COURSE
NUR,280,GENERAL ELECTIVE,ELEC,803N,GENERAL ELECTIVE
OFT,100,NON-TRANSFERABLE COURSE,REG,800L,NON-TRANSFERABLE COURSE
OFT,101,NON-TRANSFERABLE COURSE,REG,800L,NON-TRANSFERABLE COURSE
OFT,102,NON-TRANSFERABLE COURSE,REG,800L,NON-TRANSFERABLE COURSE
OFT,108,WORD PROCESSING,CSIS,151L,WORDPROCESSING
OFT,109,NON-TRANSFERABLE COURSE,REG,800L,NON-TRANSFERABLE COURSE
OFT,130,IS ELECTIVE,IS,801L,IS ELECTIVE
OFT,150,COMPUTER STUDIES ELEC,CSIS,802L,COMPUTER STUDIES ELEC
OFT,202,NON-TRANSFERABLE COURSE,REG,800L,NON-TRANSFERABLE COURSE
OFT,215,NON-TRANSFERABLE COURSE,REG,800L,NON-TRANSFERABLE COURSE
OFT,230,GENERAL ELECTIVE,ELEC,801L,GENERAL ELECTIVE
OFT,231,WORDPROCESSING,CSIS,151L,WORDPROCESSING
OFT,232,EXCEL,CSIS,152L,EXCEL
OFT,240,NON-TRANSFERABLE COURSE,REG,800L,NON-TRANSFERABLE COURSE
PAL,100,PARALEGAL ELECTIVE,PRLG,801L,PARALEGAL ELECTIVE
PAL,110,PARALEGAL ELECTIVE,PRLG,802L,PARALEGAL ELECTIVE
PAL,120,INTR LEG WRIT-RES,PRLG,210N,INTR LEG WRIT-RES
PAL,210,FAMILY LAW,PRLG,311L,FAMILY LAW
PAL,220,WILLS TRUSTS ESTA,PRLG,420N,WILLS TRUSTS ESTA
PAL,230,BUSINESS LAW I,PRLG,380N,BUSINESS LAW I
PAL,240,"CIV LITIG, PRACT",PRLG,422N,"CIV LITIG, PRACT"
PAL,250,PARALEGAL COURSE,PRLG,901L,PARALEGAL COURSE
PAL,290,CRJU INTERN I,CRJU,496N,CRJU INTERN I
PAR,100,HEALTH ELECTIVE,HLTH,801L,HEALTH ELECTIVE
PAR,102,Pathophysiology&Life Span Dev,BIOL,904L,BIOLOGY COURSE
PAR,120,Clinical I,BIOL,495N,BIOLOGY INTERN
PAR,201,Trauma,ATHT,205L,BASIC CONCEPTS ATHT
PAR,203,Cardiology & Pulmonology,BIOL,902L,BIOL COURSE
PAR,205,Medical Emergencies I,BIOL,903L,BIOLOGY COURSE
PAR,206,Patient Assessment,ATHT,310L,LOWER BODY/EXREM
PAR,220,Clinical II,BIOL,496N,BIOL INTERN
PAR,230,Clinical III,BIOL,497N,BIOL INTERN
PD,10003,CAREER & LIFE PLANNING,CRDV,801N,CAREER & LIFE PLANNING
PDC,101,NON-TRANSFERABLE COURSE,REG,800L,NON-TRANSFERABLE COURSE
PDC,102,NON-TRANSFERABLE COURSE,REG,800L,NON-TRANSFERABLE COURSE
PE,123,HANDBALL/RACQUETB,PHED,133N,HANDBALL/RACQUETB
PED,101,PHYS ED ELECTIVE,PHED,802N,PHYS ED ELECTIVE
PED,102,PHYS ED ELECTIVE,PHED,802N,PHYS ED ELECTIVE
PED,103,CONDITIONING,PHED,124N,CONDITIONING
PED,104,PHYS ED ELECTIVE,PHED,803N,PHYS ED ELECTIVE
PED,105,PHYS ED ELECTIVE,PHED,804N,PHYS ED ELECTIVE
PED,106,PHYS ED ELECTIVE,PHED,802N,PHYS ED ELECTIVE
PED,107,PHYS ED ELECTIVE,PHED,801N,PHYS ED ELECTIVE
PED,109,ARCHERY,PHED,123N,ARCHERY
PED,111,PHYS ED ELECTIVE,PHED,801N,PHYS ED ELECTIVE
PED,113,PHYS ED ELECTIVE,PHED,801N,PHYS ED ELECTIVE
PED,114,PHYS ED COURSE,PHED,801N,PHYS ED ELECTIVE
PED,115,PHYS ED ELECTIVE,PHED,804N,PHYS ED ELECTIVE
PED,116,Yoga,PHED,147N,HATHA YOGA
PED,116,Yoga,PHED,147N,HATHA YOGA
PED,116,HATHA YOGA,PHED,147N,HATHA YOGA
PED,116,HATHA YOGA,PHED,147N,HATHA YOGA
PED,120,PHYS ED ELECTIVE,PHED,805N,PHYS ED ELECTIVE
PED,121,PHYS ED ELECTIVE,PHED,802N,PHYS ED ELECTIVE
PED,121L,PHYS ED ELECTIVE,PHED,801N,PHYS ED ELECTIVE
PED,122,PHYS ED ELECTIVE,PHED,801N,PHYS ED ELECTIVE
PED,123,HANDBALL/RACQUETB,PHED,133N,HANDBALL/RACQUETB
PED,124,TENNIS,PHED,127N,TENNIS
PED,125,PHYS ED ELECTIVE,PHED,802N,PHYS ED ELECTIVE
PED,126,PHYS ED ELECTIVE,PHED,805N,PHYS ED ELECTIVE
PED,127,PHYS ED ELECTIVE,PHED,803N,PHYS ED ELECTIVE
PED,128,PHYS ED ELECTIVE,PHED,801N,PHYS ED ELECTIVE
PED,129,PHYS ED ELECTIVE,PHED,804N,PHYS ED ELECTIVE
PED,130,PHYS ED ELECTIVE,PHED,801N,PHYS ED ELECTIVE
PED,131,GOLF,PHED,120N,GOLF
PED,132,SOCCER,PHED,130N,SOCCER
PED,134,PRINCIPLES OF ATHLETICS,PHED,802N,PHYS ED ELECTIVE
PED,138,PHYS ED ELECTIVE,PHED,801N,PHYS ED ELECTIVE
PED,140,PHYS ED ELECTIVE,PHED,801N,PHYS ED ELECTIVE
PED,141,INTRO TO DANCE,PHED,106N,INTRO TO DANCE
PED,142,PHYS ED ELECTIVE,PHED,804N,PHYS ED ELECTIVE
PED,143,PHYS ED ELECTIVE,PHED,803N,PHYS ED ELECTIVE
PED,144,MODERN DANCE I,PHED,128N,MODERN DANCE I
PED,145,PHYS ED ELECTIVE,PHED,805N,PHYS ED ELECTIVE
PED,146,PHYS ED ELECTIVE,PHED,804N,PHYS ED ELECTIVE
PED,147,PHYS ED ELECTIVE,PHED,803N,PHYS ED ELECTIVE
PED,162,PHYS ED ELECTIVE,PHED,802N,PHYS ED ELECTIVE
PED,170,SKIING,PHED,138N,SKIING
PED,171,PHYS ED ELECTIVE,PHED,802N,PHYS ED ELECTIVE
PED,180,BEG SWIM/NONSWIM,PHED,139N,BEG SWIM/NONSWIM
PED,181,PHYS ED ELECTIVE,PHED,801N,PHYS ED ELECTIVE
PED,190,PHYS ED ELECTIVE,PHED,803N,PHYS ED ELECTIVE
PED,191,PHYS ED ELECTIVE,PHED,801N,PHYS ED ELECTIVE
PED,192,PHYS ED ELECTIVE,PHED,801N,PHYS ED ELECTIVE
PED,193,PHYS ED ELECTIVE,PHED,802N,PHYS ED ELECTIVE
PED,196,PHYS ED ELECTIVE,PHED,804N,PHYS ED ELECTIVE
PED,197,PHYS ED ELECTIVE,PHED,805N,PHYS ED ELECTIVE
PED,199,PHYS ED ELECTIVE,PHED,805N,PHYS ED ELECTIVE
PED,201,PHYS ED ELECTIVE,PHED,804N,PHYS ED ELECTIVE
PED,202,PHYS ED ELECTIVE,PHED,804N,PHYS ED ELECTIVE
PED,205,PHYS ED ELECTIVE,PHED,802N,PHYS ED ELECTIVE
PED,221,PHYS ED ELECTIVE,PHED,803N,PHYS ED ELECTIVE
PED,223,PHYS ED ELECTIVE,PHED,801N,PHYS ED ELECTIVE
PED,224,PHYS ED ELECTIVE,PHED,804N,PHYS ED ELECTIVE
PED,246,PHYS ED ELECTIVE,PHED,802N,PHYS ED ELECTIVE
PED,247,PHYS ED ELECTIVE,PHED,805N,PHYS ED ELECTIVE
PED,271,PHYS ED ELECTIVE,PHED,801N,PHYS ED ELECTIVE
PED,299,PHYS ED ELECTIVE,PHED,801N,PHYS ED ELECTIVE
PED,904,PHYS ED ELECTIVE,PHED,803N,PHYS ED ELECTIVE
PED,906,PHYS ED ELECTIVE,PHED,801N,PHYS ED ELECTIVE
PFA,100,GENERAL ELECTIVE,ELEC,801L,GENERAL ELECTIVE
PHED,0803N,PHYS ED ELECTIVE,PHED,803N,PHYS ED ELECTIVE
PHED,101,PHYS ED ELECTIVE,PHED,802N,PHYS ED ELECTIVE
PHED,102,PHYS ED ELEVTIVE,PHED,801N,PHYS ED ELECTIVE
PHED,801,PHYS ED ELECTIVE,PHED,801L,PHYS ED ELECTIVE
PHED,801N,PHYS ED ELECTIVE,PHED,801N,PHYS ED ELECTIVE
PHED,802N,PHYS ED ELECTIVE,PHED,802N,PHYS ED ELECTIVE
PHI,100,PHILOSPHY COURSE,PHIL,901L,PHILOSPHY COURSE
PHI,105,PHILOSOPHY COURSE,PHIL,901L,PHILOSPHY COURSE
PHI,107,INTRO TO LOGIC,PHIL,203L,INTRO TO LOGIC
PHI,201,PHILOSOPHY COURSE,PHIL,101L,PHILOSOPHICAL PERSPECTIVES
PHI,201,PHILOSOPHY COURSE,PHIL,901L,PHILOSPHY COURSE
PHI,201,PHILOSOPHY: PRIMARY ISSUES,PHIL,901L,PHILOSPHY COURSE
PHI,201,PHILOSOPHY: PRIMARY ISSUES,PHIL,101L,PHILOSOPHICAL PERSPECTIVES
PHI,202,PHILOSPHY COURSE,PHIL,901L,PHILOSPHY COURSE
PHI,203,WORLD RELIGIONS,REST,209L,WORLD RELIGIONS
PHI,204,WORLD VIEW VALUES,PHIL,103L,WORLD VIEW VALUES
PHI,205,Ethical Theory,PHIL,300L,ETHICS
PHI,205,ETHICS,PHIL,200L,ETHICS
PHI,205,ETHICS,PHIL,300L,ETHICS
PHI,205,Ethical Theory,PHIL,200L,ETHICS
PHI,207,INTRO TO LOGIC,PHIL,203L,INTRO TO LOGIC
PHI,903,PHILOSOPHY COURSE,PHIL,901L,PHILOSPHY COURSE
PHI,904,PHILOSPHY COURSE,PHIL,901L,PHILOSPHY COURSE
PHIL,203,WORLD RELIGIONS,REST,209L,WORLD RELIGIONS
PHS,101,SCIENCE COURSE,SCI,901L,SCIENCE COURSE
PHS,102,SCIENCE COURSE,SCI,902L,SCIENCE COURSE
PHS,103,INTRO ENVIRON ISS,ENSC,101L,INTRO ENVIRON ISS
PHS,105,SCIENCE COURSE,SCI,901L,SCIENCE COURSE
PHS,107,SCIENCE COURSE,SCI,900L,SCIENCE COURSE
PHS,111,WEATHER AND CLIMATE,ENSC,901L,ENV SCI COURSE
PHS,111,WEATHER AND CLIMATE,ENSC,211L,WEATHER AND CLIMATE
PHS,111,WEATHER AND CLIMATE,ENSC,211L,WEATHER AND CLIMATE
PHS,111,WEATHER AND CLIMATE,ENSC,211L,WEATHER AND CLIMATE
PHS,111,WEATHER AND CLIMATE,ENSC,211L,WEATHER AND CLIMATE
PHS,111,WEATHER AND CLIMATE,ENSC,901L,ENV SCI COURSE
PHS,111L,SCIENCE COURSE,SCI,902L,SCIENCE COURSE
PHS,112,SCIENCE COURSE,SCI,901L,SCIENCE COURSE
PHS,114,INTRO CHEMISTRY,CHEM,101L,INTRO CHEMISTRY
PHS,115,Fundamentals of Electricity,PHYS,801L,PHYSICS ELECTIVE
PHS,203,WORLD RELIGIONS,REST,209L,WORLD RELIGIONS
PHS,804,SCIENCE COURSE,SCI,901L,SCIENCE COURSE
PHS,901,SCIENCE COURSE,SCI,900L,SCIENCE COURSE
PHS,905,SCIENCE COURSE,SCI,901L,SCIENCE COURSE
PHS,906,SCIENCE COURSE,SCI,901L,SCIENCE COURSE
PHS,907,CHEMISTRY ELECTIVE,CHEM,801L,CHEMISTRY ELECT
PHS,908,SCIENCE ELECTIVE,SCI,801L,SCIENCE ELECTIVE
PHS,909,SCIENCE ELECTIVE,SCI,801L,SCIENCE ELECTIVE
PHY,102,PHYSICS COURSE,PHYS,902L,PHYSICS COURSE
PHY,107,INTRO TO LOGIC,PHIL,203L,INTRO TO LOGIC
PHY,121,GEN PHYSICS I+LAB,PHYS,213L,GEN PHYSICS LAB I
PHY,121,GEN PHYSICS I+LAB,PHYS,211L,GENERAL PHYSICS I
PHY,121L,PHYSICS ELECTIVE,PHYS,213L,GEN PHYSICS LAB I
PHY,122,GEN PHYSICS II,PHYS,214L,GEN PHYSIC LAB II
PHY,122,GEN PHYSICS II,PHYS,212L,GEN PHYSICS II
PHY,122410,GEN PHYSICS II,PHYS,212L,GEN PHYSICS II
PHY,122411,GEN PHYS LAB II,PHYS,214L,GEN PHYSIC LAB II
PHY,122L,GEN PHYSIC LAB II,PHYS,214L,GEN PHYSIC LAB II
PHY,123,PHYSICS COURSE,PHYS,903L,PHYSICS COURSE
PHY,131,PHYSICS COURSE,PHYS,901L,PHYSICS COURSE
PHY,132,PHYSICS COURSE,PHYS,902L,PHYSICS COURSE
PHY,151,GENERAL PHYSICS I,PHYS,211L,GENERAL PHYSICS I
PHY,151L,GEN PHYSICS LAB I,PHYS,213L,GEN PHYSICS LAB I
PHY,152,GEN PHYSICS II,PHYS,212L,GEN PHYSICS II
PHY,152L,GEN PHYSICS LAB II,PHYS,214L,GEN PHYSIC LAB II
PHY,251,GEN PHYSICS III,PHYS,221L,GEN PHYSICS III
PHY,903,PHYSICS ELECTIVE,PHYS,801L,PHYSICS ELECTIVE
PHY,904,PHYSICS COURSE,PHYS,901L,PHYSICS COURSE
PHY,9041,PHYSICS COURSE,PHYS,901L,PHYSICS COURSE
PHY,904L,PHYSICS ELECTIVE,PHYS,801L,PHYSICS ELECTIVE
PHY,905,PHYSICS COURSE,PHYS,902L,PHYSICS COURSE
PHYS,121,GEN PHYSICS I,PHYS,211L,GENERAL PHYSICS I
PLS,201,CRIM JUS ORG&ADM,CRJU,301N,CRIM JUS ORG&ADM
PLS,205,CRIM & SCI INVEST,CRJU,206N,CRIM & SCI INVEST
PLS,206,CRIM JUST COURSE,CRJU,901L,CRIM JUST COURSE
PLS,207,CRIM JUST COURSE,CRJU,902L,CRIM JUST COURSE
POS,121,AMER NATL GOVT,POSC,110L,AMER NATL GOVT
POS,122,AM STATE/URBAN PO,POSC,211L,AM STATE/URBAN PO
POS,219,INTERNAT POLITICS,POSC,273L,INTERNAT POLITICS
PS,2060,PSYCHOLOGY COURSE,PSYC,901L,PSYCHOLOGY COURSE
PSY,101,INTRO PSYCHOLOGY,PSYC,101L,INTRO PSYCHOLOGY
PSY,102,SOCIAL WORK ELECTIVE,SOCW,801L,SOCIAL WORK ELECTIVE
PSY,102,SOCIAL WORK ELECTIVE,PSYC,901L,PSYCHOLOGY COURSE
PSY,102,SOCIAL WORK ELECTIVE,SOCW,330L,SOC SERV THEO/PRA
PSY,102,PSYCHOLOGY COURSE,SOCW,801L,SOCIAL WORK ELECTIVE
PSY,102,PSYCHOLOGY COURSE,SOCW,330L,SOC SERV THEO/PRA
PSY,102,PSYCHOLOGY COURSE,PSYC,901L,PSYCHOLOGY COURSE
PSY,111,INTRO PSYCHOLOGY,PSYC,101L,INTRO PSYCHOLOGY
PSY,111L,INTRO PSYCHOLOGY,PSYC,101L,INTRO PSYCHOLOGY
PSY,112,PSYCHOLOGY COURSE,PSYC,901L,PSYCHOLOGY COURSE
PSY,114,PSY OF INTERP COM,PSYC,215L,PSY OF INTERP COM
PSY,124,PSY OF INTERP COM,PSYC,215L,PSY OF INTERP COM
PSY,134,PSY OF INTERP COM,PSYC,215L,PSY OF INTERP COM
PSY,201,ABNORMAL PSYCHOLOGY,PSYC,202L,ABNORMAL PSYCHOLOGY
PSY,202,SOCIAL WORK ELECTIVE,SOCW,801L,SOCIAL WORK ELECTIVE
PSY,202,SOCIAL WORK ELECTIVE,SOCW,802L,SOCIAL WORK ELECTIVE
PSY,202,SOCIAL WORK ELECTIVE,SOCW,802L,SOCIAL WORK ELECTIVE
PSY,202,SOC SERV THEO/PRA,SOCW,801L,SOCIAL WORK ELECTIVE
PSY,202,SOC SERV THEO/PRA,SOCW,802L,SOCIAL WORK ELECTIVE
PSY,202,SOC SERV THEO/PRA,SOCW,802L,SOCIAL WORK ELECTIVE
PSY,203,CHILD DEVELOPMENT,PSYC,317L,CHILD DEVELOPMENT
PSY,203,CHILD DEVELOPMENT,SOCW,345L,HUM BEH-SOC ENV
PSY,204,PSYC OF THE ADOLSCT,PSYC,318L,PSYC OF THE ADOLSCT
PSY,205,SOCIAL PSYCHOLOGY,PSYC,220L,SOCIAL PSYCHOLOGY
PSY,206,SOCIAL PSYCHOLOGY,PSYC,220L,SOCIAL PSYCHOLOGY
PSY,207,PSYCHOLOGY ELECTIVE,PSYC,801L,PSYCHOLOGY ELECTIVE
PSY,209,INTRO:PHYSIO PSYC,PSYC,301L,INTRO:PHYSIO PSYC
PSY,210,"PSYC, BIO SEX DIF",PSYC,206L,"PSYC, BIO SEX DIF"
PSY,211,EDUC PSYCHOLOGY,PSYC,208L,EDUC PSYCHOLOGY
PSY,221,CHILD DEVELOPMENT,PSYC,317L,CHILD DEVELOPMENT
PSY,222,"ADOL, ADULT-AGIN",PSYC,321L,"ADOL, ADULT-AGIN"
PSY,235,THE EXCEPT CHILD,PSYC,207L,THE EXCEPT CHILD
PSY,236,HUM BEH-SOC ENV,SOCW,345L,HUM BEH-SOC ENV
PSY,802,PSYCHOLOGY ELECTIVE,PSYC,801L,PSYCHOLOGY ELECTIVE
PSY,901,PSYCH OF RETARDTN,PSYC,209L,PSYCH OF RETARDTN
PSY,904,PSYCHOLOGY ELECTIVE,PSYC,801L,PSYCHOLOGY ELECTIVE
PSYC,101,INTRO PSYCHOLOGY,PSYC,101L,INTRO PSYCHOLOGY
PSYC,102,PSYCHOLOGY COURSE,PSYC,902L,PSYC COURSE
PSYC,102,PSYCHOLOGY COURSE,PSYC,902L,PSYC COURSE
PSYC,102,PSYCHOLOGY COURSE,PSYC,901L,PSYCHOLOGY COURSE
PSYC,102,PSYCHOLOGY COURSE,PSYC,901L,PSYCHOLOGY COURSE
PSYC,111,INTRO PSYCHOLOGY,PSYC,101L,INTRO PSYCHOLOGY
PSYC,134,PSY OF INTERP COM,PSYC,215L,PSY OF INTERP COM
PSYC,202,SOC SERV THEO/PRA,PSYC,902L,PSYC COURSE
PSYC,202,SOC SERV THEO/PRA,PSYC,902L,PSYC COURSE
PSYC,207,PSYCHOLOGY ELECTIVE,PSYC,801L,PSYCHOLOGY ELECTIVE
PSYC,901L,PSYCHOLOGY COURSE,PSYC,901L,PSYCHOLOGY COURSE
PSYC,904,PSYC ELECTIVE,PSYC,801L,PSYCHOLOGY ELECTIVE
REA,91,NON-TRANSFERABLE COURSE,REG,800L,NON-TRANSFERABLE COURSE
REA,100,COLLEGE READING,LERN,105L,COLLEGE READING
REA,103,COLLEGE READING,LERN,105L,COLLEGE READING
REA,105,COLLEGE READING,LERN,105L,COLLEGE READING
REA,271,NON-TRANSFERABLE COURSE,REG,800L,NON-TRANSFERABLE COURSE
REA,272,NON-TRANSFERABLE COURSE,REG,800L,NON-TRANSFERABLE COURSE
REA,273,NON-TRANSFERABLE COURSE,REG,800L,NON-TRANSFERABLE COURSE
REC,101,PHYS ED ELECTIVE,PHED,803N,PHYS ED ELECTIVE
REC,102,PHYS ED ELECTIVE,PHED,805N,PHYS ED ELECTIVE
RET,100,FASHION ELECTIVE,FASH,803N,FASHION ELECTIVE
RET,101,MARKET MANAGEMENT,BUS,340N,MARKET MANAGEMENT
RET,103,FASHION ELECTIVE,FASH,802N,FASHION ELECTIVE
RET,104,FASHION ELECTIVE,FASH,801L,FASH ELECTIVE
RET,105,FASHION ELECTIVE,FASH,804N,FASHION ELECTIVE
RET,106,PRINC RETAILING,FASH,265N,PRIN RETAILING
RET,108,FASHION ELECTIVE,FASH,801N,FASHION ELECTIVE
RET,203,FASHION ELECTIVE,FASH,801N,FASHION ELECTIVE
RET,204,VISUAL MERCH,FASH,285N,VISUAL MERCH
RET,206,FASHION ELECTIVE,FASH,803N,FASHION ELECTIVE
RET,207,NON-TRANSFERABLE COURSE,REG,800L,NON-TRANSFERABLE COURSE
RET,211,FASH EMPLOY SEM,FASH,400N,FASH EMPLOY SEM
RET,273,FASHION ELECTIVE,FASH,802N,FASHION ELECTIVE
SC,140,IS COURSE,IS,991L,IS COURSE
SCI,100,NON-TRANSFERABLE COURSE,REG,800L,NON-TRANSFERABLE COURSE
SCI,801L,SCIENCE ELECTIVE,SCI,801L,SCIENCE ELECTIVE
SCI,901,SCIENCE ELECTIVE,SCI,801L,SCIENCE ELECTIVE
SCS,112,GENERAL ELECTIVE,ELEC,801L,GENERAL ELECTIVE
SCS,121,PSYC COURSE,PSYC,902L,PSYC COURSE
SCS,122,PSYC COURSE,PSYC,903L,PSYC COURSE
SCS,134,PSYCHOLOGY COURSE,PSYC,215L,PSY OF INTERP COM
SCS,141,INTRO CRIM JUST,CRJU,101L,INTRO CRIM JUST
SCS,142,CRIMINOLOGY,CRJU,202L,CRIMINOLOGY
SCS,156,NON-TRANSFERABLE COURSE,REG,800L,NON-TRANSFERABLE COURSE
SCS,242,DRUG/ALCOHOL ABUS,CRJU,242L,DRUG/ALCOHOL ABUS
SCS,262,JUVENILE DELINQ,CRJU,223L,JUVENILE DELINQ
SCS,263,CRIM PROCEDURE I,CRJU,303L,CRIM PROCEDURE I
SCS,264,CRIM PROCEDR II,CRJU,304L,CRIM PROCEDR II
SCS,273,NON-TRANSFERABLE COURSE,REG,800L,NON-TRANSFERABLE COURSE
SCS,902,GENERAL ELECTIVE,ELEC,802L,GENERAL ELECTIVE
SES,210,BUSINESS ELECTIVE,BUS,802N,BUSINESS ELECTIVE
SO,207,CRIMINOLOGY,CRJU,202L,CRIMINOLOGY
SOC,101,INTRO SOCIOLOGY,SOC,101L,INTRO SOCIOLOGY
SOC,103,SOCIOLOGY COURSE,SOC,901L,SOCIOLOGY COURSE
SOC,113,INTRO SOCIOLOGY,SOC,101L,INTRO SOCIOLOGY
SOC,202,SOCIAL INEQUALITY,SOC,336L,SOCIAL INEQUALITY
SOC,202,SOCIAL INEQUALITY,SOC,336L,SOCIAL INEQUALITY
SOC,203,INTRO SOCIOLOGY,SOC,101L,INTRO SOCIOLOGY
SOCI,101,INTRO SOCIOLOGY,SOC,101L,INTRO SOCIOLOGY
SOCW,801N,SOCIAL WORK ELECTIVE,SOCW,801N,SOCIAL WORK ELECTIVE
SOCW,802L,L,SOCW,802L,SOCIAL WORK ELECTIVE
SOS,101,HISTORY COURSE,HIST,901L,HISTORY COURSE
SOS,103,SOCIOLOGY COURSE,SOC,901L,SOCIOLOGY COURSE
SOS,203,SOCIOLOGY COURSE,SOC,901L,SOCIOLOGY COURSE
SOS,205,SOCIOLOGY COURSE,SOC,902L,SOCIOLOGY COURSE
SPA,101,ELEM SPANISH I,SPAN,101L,ELEM SPANISH I
SPA,102,ELEM SPANISH II,SPAN,102L,ELEM SPANISH II
SPA,199,SPANISH COURSE,SPAN,901L,SPANISH COURSE
SPA,201,INTER SPANISH I,SPAN,105L,INTER SPANISH I
SPA,202,INTER SPANISH II,SPAN,106L,INTER SPANISH II
SPA,2030,INTER SPAN I,SPAN,105L,INTER SPANISH I
SPA,2040,INTER SPAN II,SPAN,106L,INTER SPAN II
SPA,208,SPANISH COURSE,SPAN,901L,SPANISH COURSE
SPA,273,SPANISH ELECTIVE,SPAN,801L,SPANISH ELECTIVE
SPA,301,ADV SPANISH I,SPAN,201L,ADV SPANISH I
SPA,302,ADV SPAN II,SPAN,202L,ADV SPAN II
SPA,320,SPAN-HISPANICS I,SPAN,210L,SPAN-HISPANICS I
SPA,901,SPANISH COURSE,SPAN,901L,SPANISH COURSE
SPA,999,SPANISH COURSE,SPAN,901L,SPANISH COURSE
SPAN,199,ELEM SPANISH II,SPAN,102L,ELEM SPANISH II
SPC,101,PUBLIC PRESENTAT.,COM,101L,PUBLIC PRESENTAT.
SPE,10,PUBLIC PRESENTAT.,COM,101L,PUBLIC PRESENTAT.
SPE,100,PUBLIC PRESENTAT.,COM,101L,PUBLIC PRESENTAT.
SPE,101,PUBLIC PRESENTAT.,COM,101L,PUBLIC PRESENTAT.
SPE,101L,PUBLIC PRESENTAT.,COM,101L,PUBLIC PRESENTAT.
SPE,102,COMM ELECTIVE,COM,801L,COMM ELECTIVE
SPE,102L,COMM ELECTIVE,COM,801L,COMM ELECTIVE
SPE,103,GENERAL ELECTIVE,ELEC,801N,GENERAL ELECTIVE
SPE,107,COMM COURSE,COM,901L,COMM COURSE
SPE,110,COMM COURSE,COMM,900L,COMM COURSE
SPE,111,COMM ELECTIVE,COM,801L,COMM ELECTIVE
SPE,115,STUDY SKILL ELECT,LERN,801L,STUDY SKILL ELECT
SPE,116,ORGANIZATION ELECTIVE,ORG,801N,ORGANIZATION ELECTIVE
SPE,201,AUGUMENT & DEBATE,COM,204L,AUGUMENT & DEBATE
SPE,204,GENERAL ELECTIVE,ELEC,802N,GENERAL ELECTIVE
SPE,210,COMM COURSE,COM,901L,COMM COURSE
SPE,211,COMM COURSE,COM,901L,COMM COURSE
SPE,219,INTERCULT COMM,COM,325L,INTERCULT COMM
SPE,272,COM ELECTIVE,COM,804N,COMM ELECTIVE
SPE,903,PUBLIC PRESENTAT.,COM,101L,PUBLIC PRESENTAT.
SPE,904,COMM COURSE,COM,901L,COMM COURSE
SPE,905,COMM ELECTIVE,COM,801L,COMM ELECTIVE
SPE,907,ORGANIZATION ELECTIVE,ORG,801N,ORGANIZATION ELECTIVE
SPEC,116,GENERAL ELECTIVE,ELEC,801L,GENERAL ELECTIVE
TEL,110,ITS COURSE,ITS,901L,ITS COURSE
TEL,210,ITS COURSE,ITS,902L,ITS COURSE
TEL,211,DATA COMMUNICATIONS,ITS,406N,DATA COMMUNICATIONS
TEL,212,INTERNETWORKING I,ITS,415N,INTERNETWORKING I
THE,103,ENG THEATRE-PRODUCTION,ENG,923L,ENG THEATRE-PRODUCTION
THE,105,INTRO DRAMA/PERFORM,ENG,150L,INTRO DRAMA/PERFORM
THE,106,ART 100 LEV GEN,ART,901L,ART 100 LEV GEN
THE,109,ACTING I,ENG,227L,ACTING I
THE,120,GENERAL ELECTIVE,ELEC,801L,GENERAL ELECTIVE
THE,161,THEATRE PRACTICUM,ENG,229L,THEATRE PRACTICUM
THE,201,Play Directing,ENG,901L,ENG COURSE/WRIT
THE,209,ACTING II,ENG,241L,ACTING II
THE,261,THEATRE WORKSHOP,ENG,451L,THEATRE WORKSHOP
THE,271,GENERAL ELECTIVE,ELEC,801L,GENERAL ELECTIVE
THE,273,ENG COURSE/WRIT,ENG,901L,ENG COURSE/WRIT
THE,903,ENGLISH ELECTIVE,ENG,802L,ENGLISH ELECTIVE
THEA,109,ENG COURSE/WRIT,ENG,901L,ENG COURSE/WRIT
VIS,110,FUND ART-DESIGN,ART,101N,FUND ART-DESIGN
VIS,152,ARTS 100 LEV STUDIO,ART,901N,ARTS 100 LEV STUDIO
VIS,170,ARTS 100 LEV STUDIO,ART,901N,ARTS 100 LEV STUDIO
WFE,101,PHYS ED COURSE,PHED,801N,PHYS ED ELECTIVE
WFE,103,PHYS ED ELECTIVE,PHED,805N,PHYS ED ELECTIVE
WVE,101,PHYS ED ELECTIVE,PHED,801N,PHYS ED ELECTIVE
